WantedVehMake,WantedVehModel,WantedVehicleTrim,WantedVehYear,WantedCar,,ID,StoreID,ProspectStatus,ProspectSubStatus
Chevrolet,Trax,FWD 4dr LS,2018,2018 Chevrolet Trax,,41880327,58,Active,Sold
,,,,  ,,41864648,20330,Active,Active Lead
TOYOTA,Highlander Hybrid,,2021,2021 TOYOTA Highlander Hybrid,,41848863,58,Active,Sold
Toyota,RAV4,Hybrid XLE Premium AWD (Natl),2021,2021 Toyota RAV4,,33925619,58,Active,Sold
Porsche,Macan,AWD,2020,2020 Porsche Macan,,33878849,184,Active,Sold
,,,,  ,,33571525,20190,Lost,Lead process completed
BMW,3 Series,330i Sedan,2017,2017 BMW 3 Series,,33544643,183,Active,Sold
Porsche,Macan,Turbo AWD w/Performance Pkg,2018,2018 Porsche Macan,,34661664,184,Active,Write Up
Chevrolet,Silverado 1500,"4WD Crew Cab 143.5"" LTZ",2007,2007 Chevrolet Silverado 1500,,34633422,58,Active,Sold
Porsche,Macan,AWD,2020,2020 Porsche Macan,,34620088,184,Active,Up/Contacted
,,,,  ,,34616888,58,Active,Lost
,,,,  ,,34584530,301,Active,Active Lead
Toyota,Corolla,XLE CVT (Natl),2020,2020 Toyota Corolla,,34540550,58,Active,Sold
,,,,  ,,34530620,301,Lost,Lead process completed
Porsche,Cayenne,AWD,2021,2021 Porsche Cayenne,,34474661,184,Active,Demo Vehicle
Jeep,Patriot,4WD 4dr Sport,2016,2016 Jeep Patriot,,34469901,58,Active,Sold
,,,,  ,,34359967,769,Sold,Delivered
Toyota,Prius,5dr HB Two (Natl),2015,2015 Toyota Prius,,34345935,58,Active,Sold
,,,,  ,,34924629,769,Sold,Delivered
Toyota,Highlander,XLE AWD (Natl),2021,2021 Toyota Highlander,,34910726,58,Active,Sold
Scion,FR-S,2dr Cpe Man (Natl),2013,2013 Scion FR-S,,34895068,58,Active,Sold
Toyota,Corolla,LE CVT (Natl),2021,2021 Toyota Corolla,,34886481,58,Active,Lost
Kia,Soul,5dr Wgn Auto Base,2012,2012 Kia Soul,,34881247,58,Active,Sold
Acura,MDX,,2020,2020 Acura MDX,,34879124,20190,Sold,Delivered
Toyota,Corolla,Nightshade CVT (Natl),2021,2021 Toyota Corolla,,34875755,58,Active,Sold
Ford,Escape,4WD 4dr XLT,2012,2012 Ford Escape,,34841165,58,Active,Up/Contacted
Porsche,911 Carrera,2dr Carrera Cabriolet Tiptronic,2001,2001 Porsche 911 Carrera,,34819987,184,Active,Sold
Porsche,Macan,GTS AWD,2021,2021 Porsche Macan,,34764978,184,Active,Sold
Lexus,GS 430,4dr Sdn,2006,2006 Lexus GS 430,,34734367,184,Active,Lost
Cadillac,CTS Sedan,4dr Sdn 3.0L Luxury AWD,2012,2012 Cadillac CTS Sedan,,34718895,58,Active,Lost
BMW,X5,xDrive35i Sports Activity Vehicle,2018,2018 BMW X5,,34718063,183,Active,Lost
Toyota,Highlander Hybrid,2WD 4dr Limited w/3rd Row (Natl),2007,2007 Toyota Highlander Hybrid,,34685049,58,Active,Store Visit
,,,,  ,,34667233,339,Lost,Lead process completed
Porsche,911,Carrera Cabriolet,2021,2021 Porsche 911,,35127075,184,Active,Sold
Toyota,RAV4,XLE FWD (Natl),2021,2021 Toyota RAV4,,35123036,58,Active,Sold
Porsche,911,2dr Cabriolet 991 Carrera S,2012,2012 Porsche 911,,35115178,184,Active,Sold
,,,,  ,,35045023,20271,Bad,No intent to buy
Porsche,Macan,Turbo AWD w/Performance Pkg,2018,2018 Porsche Macan,,35042839,184,Active,Write Up
Porsche,718 Cayman,GTS 4.0 Coupe,2021,2021 Porsche 718 Cayman,,35037791,184,Active,Lost
Toyota,4Runner,Nightshade 4WD (Natl),2021,2021 Toyota 4Runner,,35027011,58,Active,Up/Contacted
Subaru,Forester,4dr CVT 2.0XT Premium,2015,2015 Subaru Forester,,34991479,58,Active,Sold
,,,,  ,,34985781,20271,Bad,Duplicate lead
BMW,X1,xDrive28i Sports Activity Vehicle,2020,2020 BMW X1,,34972295,183,Active,Sold
PORSCHE,718 BOXSTER,GTS Roadster,2018,2018 PORSCHE 718 BOXSTER,,34959236,184,Active,Sold
BMW,X2,sDrive28i Sports Activity Vehicle,2021,2021 BMW X2,,34958925,183,Active,Store Visit
Lexus,GS 430,4dr Sdn,2006,2006 Lexus GS 430,,34956329,184,Active,Lost
BMW,X7,xDrive40i Sports Activity Vehicle,2020,2020 BMW X7,,34931338,183,Active,Demo Vehicle
TOYOTA,RAV4,,2010,2010 TOYOTA RAV4,,34929729,58,Active,Sold
,,,,  ,,35437447,769,Sold,Delivered
,,,,  ,,35426023,20271,Lost,Out of market
PORSCHE,Macan,,2021,2021 PORSCHE Macan,,35425057,184,Active,Sold
,,,,  ,,35392214,20330,Lost,Lead process completed
,,,,  ,,35391655,20330,Lost,Out of market
Toyota,RAV4,LE AWD (Natl),2021,2021 Toyota RAV4,,35367888,58,Active,Up/Contacted
Porsche,Macan,S AWD,2021,2021 Porsche Macan,,35358733,184,Active,Unqualified
,,,,  ,,35315457,301,Bad,No intent to buy
Toyota,Tacoma,SR5,2018,2018 Toyota Tacoma,,35234376,58,Active,Lost
,,,,  ,,35209960,769,Sold,Delivered
Subaru,Ascent,2.4T Limited 7-Passenger,2019,2019 Subaru Ascent,,35208364,58,Active,Sold
Toyota,Land Cruiser,4WD (Natl),2017,2017 Toyota Land Cruiser,,35136176,183,Active,Sold
Porsche,Cayenne,AWD,2020,2020 Porsche Cayenne,,35135872,184,Active,Sold
,,,,  ,,35604248,769,Sold,Delivered
TOYOTA,Sienna HV,,2021,2021 TOYOTA Sienna HV,,35575749,58,Active,Sold
,,,,  ,,35571062,301,Bad,No intent to buy
TOYOTA,AVALON,,2020,2020 TOYOTA AVALON,,35570372,58,Active,Sold
,,,,  ,,35498881,769,Sold,Delivered
Porsche,Cayenne,AWD,2018,2018 Porsche Cayenne,,35498359,184,Active,Lost
,,,,  ,,35494517,20271,Bad,Bad or no contact information
PORSCHE,CAYENNE,AWD,2020,2020 PORSCHE CAYENNE,,35489615,184,Active,Sold
,,,,  ,,35480216,769,Sold,Delivered
TOYOTA,Highlander Hybrid,,2020,2020 TOYOTA Highlander Hybrid,,35478384,58,Active,Sold
PORSCHE,Macan,,2021,2021 PORSCHE Macan,,35459613,184,Active,Sold
,,,,  ,,35454805,769,Sold,Delivered
,,,,  ,,35716614,20340,Lost,Lead process completed
TOYOTA,COROLLA,,2021,2021 TOYOTA COROLLA,,35714457,58,Active,Sold
,,,,  ,,35708808,301,Bad,Bad or no contact information
Toyota,Highlander,XLE AWD (Natl),2021,2021 Toyota Highlander,,35699917,58,Active,Sold
,,,,  ,,35693745,339,Bad,Duplicate lead
,,,,  ,,35691872,769,Sold,Delivered
,,,,  ,,35691167,769,Sold,Delivered
Toyota,RAV4,Hybrid XSE AWD (Natl),2021,2021 Toyota RAV4,,35674719,58,Active,Up/Contacted
,,,,  ,,35671395,769,Lost,Lead process completed
PORSCHE,911,,2021,2021 PORSCHE 911,,35664984,184,Active,Sold
,,,,  ,,35658741,769,Sold,Delivered
Honda,Pilot,Touring AWD,2017,2017 Honda Pilot,,35620770,58,Active,Sold
Porsche,Macan,,2021,2021 Porsche Macan,,35756626,184,Active,Write Up
,,,,  ,,35744470,766,Bad,Duplicate lead
Porsche,Macan,S AWD,2017,2017 Porsche Macan,,35744241,184,Active,Sold
Ford,F-150,"4WD SuperCab 133"" SVT Raptor",2014,2014 Ford F-150,,35741494,184,Active,Sold
Nissan,Sentra,S CVT,2019,2019 Nissan Sentra,,35737949,58,Active,Sold
Toyota,RAV4,Hybrid XSE AWD (Natl),2021,2021 Toyota RAV4,,35735886,58,Active,Sold
RAM,1500,,, RAM 1500,,35732730,219,Sold,Delivered
,,,,  ,,35721621,20190,Lost,Lead process completed
,,,,  ,,35718003,769,Active,Waiting for prospect response
Jeep,Grand Cherokee,Upland 4x4 *Ltd Avail*,2018,2018 Jeep Grand Cherokee,,35797943,58,Active,Sold
,,,,  ,,35797400,769,Sold,Delivered
Toyota,Tacoma,SR5 Double Cab 5' Bed V6 4x4 AT (Natl),2017,2017 Toyota Tacoma,,35791026,58,Active,Sold
TOYOTA,COROLLA,,2018,2018 TOYOTA COROLLA,,35790563,58,Active,Sold
Porsche,Cayenne,S AWD,2020,2020 Porsche Cayenne,,35785905,184,Active,Sold
,,,,  ,,35775552,20271,Bad,No intent to buy
Toyota,Camry,Hybrid SE CVT (Natl),2020,2020 Toyota Camry,,35775418,58,Active,Sold
TOYOTA,RAV4,,2020,2020 TOYOTA RAV4,,35772733,58,Active,Sold
Toyota,4Runner,SR5 Premium 4WD (Natl),2020,2020 Toyota 4Runner,,35772084,58,Active,Sold
Mazda,Mazda6,4dr Sdn Auto i Grand Touring,2015,2015 Mazda Mazda6,,35769383,58,Active,Sold
,,,,  ,,35761827,58,Active,Demo Vehicle
,,,,  ,,35856965,301,Bad,No intent to buy
TOYOTA,RAV4,,2015,2015 TOYOTA RAV4,,35855223,58,Active,Sold
Porsche,Macan,GTS AWD,2021,2021 Porsche Macan,,35839676,184,Active,Pending F&I
,,,,  ,,35838236,769,Sold,Delivered
,,,,  ,,35832438,769,Sold,Delivered
,,,,  ,,35830334,58,Active,Lost
Toyota,Venza,XLE AWD (Natl),2021,2021 Toyota Venza,,35830218,58,Active,Sold
,,,,  ,,35824291,20271,Lost,Out of market
PORSCHE,Macan,,2021,2021 PORSCHE Macan,,35822194,184,Active,Sold
Porsche,911,Carrera Coupe,2017,2017 Porsche 911,,35814366,184,Active,Lost
,,,,  ,,35813777,769,Sold,Delivered
,,,,  ,,35798910,58,Active,Up/Contacted
Nissan,Murano,2WD 4dr SV,2011,2011 Nissan Murano,,35885296,58,Active,Sold
Porsche,Cayenne,Turbo Coupe AWD,2021,2021 Porsche Cayenne,,35880157,184,Active,Pending F&I
Toyota,Highlander,XSE FWD (Natl),2021,2021 Toyota Highlander,,35879048,58,Active,Lost
,,,,  ,,35878294,769,Sold,Delivered
BMW,X5,AWD 4dr xDrive35d,2015,2015 BMW X5,,35878263,183,Active,Sold
Porsche,Cayenne,S AWD,2017,2017 Porsche Cayenne,,35869985,184,Active,Write Up
,,,,  ,,35868716,769,Sold,Delivered
Ford,F-150,"4WD SuperCrew 145"" XLT",2011,2011 Ford F-150,,35868327,58,Active,Sold
Toyota,Avalon,4dr Sdn Limited (Natl),2008,2008 Toyota Avalon,,35867137,58,Active,Sold
Toyota,Camry,LE Auto (Natl),2021,2021 Toyota Camry,,35864845,58,Active,Sold
,,,,  ,,35864492,20271,Bad,Bad or no contact information
TOYOTA,COROLLA,,2021,2021 TOYOTA COROLLA,,35862444,58,Active,Sold
,,,,  ,,35920527,769,Sold,Delivered
,,,,  ,,35919313,766,Bad,No intent to buy
,,,,  ,,35916641,301,Bad,Duplicate lead
Toyota,RAV4,TRD Off Road AWD (Natl),2020,2020 Toyota RAV4,,35915551,58,Active,Sold
TOYOTA,TACOMA,,2021,2021 TOYOTA TACOMA,,35915531,58,Active,Sold
,,,,  ,,35911814,769,Lost,Lead process completed
,,,,  ,,35910273,769,Sold,Delivered
,,,,  ,,35903304,184,Active,Demo Vehicle
,,,,  ,,35902569,301,Bad,Duplicate lead
,,,,  ,,35896200,20271,Bad,No intent to buy
,,,,  ,,35893408,58,Active,Lost
Chevrolet,Sonic,4dr Sdn Manual LT,2014,2014 Chevrolet Sonic,,35893273,58,Active,Sold
,,,,  ,,35890836,184,Active,Demo Vehicle
Toyota,Corolla,4dr Sdn CVT LE (Natl),2015,2015 Toyota Corolla,,35887739,58,Active,Sold
TOYOTA,4RUNNER,,2020,2020 TOYOTA 4RUNNER,,35885379,58,Active,Sold
Jeep,Patriot,4WD 4dr Sport,2016,2016 Jeep Patriot,,35947313,58,Active,Sold
Toyota,Tundra 4WD,Limited CrewMax 5.5' Bed 5.7L (Natl),2020,2020 Toyota Tundra 4WD,,35947082,58,Active,Sold
Toyota,Corolla,LE CVT (Natl),2019,2019 Toyota Corolla,,35942299,58,Active,Sold
,,,,  ,,35939617,769,Sold,Delivered
Porsche,911,Carrera Coupe,2018,2018 Porsche 911,,35938748,184,Active,Lost
Toyota,Sienna,5dr 8-Pass Van XLE FWD (Natl),2016,2016 Toyota Sienna,,35935180,58,Active,Sold
Chevrolet,Silverado 1500,"4WD Crew Cab 143.5"" LTZ",2007,2007 Chevrolet Silverado 1500,,35934370,58,Active,Sold
,,,,  ,,35933417,58,Active,Write Up
,,,,  ,,35932082,769,Sold,Delivered
Toyota,RAV4,AWD 4dr Limited (Natl),2014,2014 Toyota RAV4,,35931693,58,Active,Sold
Honda,Civic Sedan,4dr CVT EX-L w/Navi,2016,2016 Honda Civic Sedan,,35931457,58,Active,Lost
TOYOTA,RAV4,,2021,2021 TOYOTA RAV4,,35930802,58,Active,Sold
,,,,  ,,35926630,20271,Bad,No intent to buy
TOYOTA,TACOMA,,2021,2021 TOYOTA TACOMA,,35924280,58,Active,Sold
,,,,  ,,35966200,20140,Bad,No intent to buy
Mazda,Mazda6,4dr Sdn Auto i Grand Touring,2015,2015 Mazda Mazda6,,35966113,58,Active,Sold
,,,,  ,,35965922,769,Sold,Delivered
Chevrolet,Camaro,2dr Cpe SS w/1SS,2014,2014 Chevrolet Camaro,,35962761,58,Active,Lost
Porsche,Macan,,2021,2021 Porsche Macan,,35956721,184,Active,Write Up
TOYOTA,COROLLA,,2018,2018 TOYOTA COROLLA,,35956326,58,Active,Sold
,,,,  ,,35954842,769,Sold,Delivered
,,,,  ,,35954754,769,Sold,Delivered
,,,,  ,,35954181,301,Bad,Duplicate lead
Ford,Super Duty F-250 SRW,"4WD Crew Cab 156"" XL",2010,2010 Ford Super Duty F-250 SRW,,35949335,58,Active,Sold
TOYOTA,RAV4,,2017,2017 TOYOTA RAV4,,35949280,58,Active,Sold
Toyota,Tacoma 4WD,TRD Sport Double Cab 5' Bed V6 AT (Natl),2021,2021 Toyota Tacoma 4WD,,35948625,58,Active,Sold
Toyota,Prius Prime,Advanced (Natl),2019,2019 Toyota Prius Prime,,35999566,58,Active,Sold
,,,,  ,,35994850,58,Active,Lost
,,,,  ,,35992745,762,Lost,Lead process completed
Porsche,Macan,Turbo AWD w/Performance Pkg,2018,2018 Porsche Macan,,35991919,184,Active,Write Up
,,,,  ,,35990676,301,Lost,Lead process completed
,,,,  ,,35989089,58,Active,Lost
TOYOTA,Highlander Hybrid,,2021,2021 TOYOTA Highlander Hybrid,,35983661,58,Active,Sold
Dodge,Grand Caravan,GT Wagon,2019,2019 Dodge Grand Caravan,,35980542,58,Active,Sold
,,,,  ,,35977613,20180,Active,Waiting for prospect response
Jeep,Wrangler,4WD 2dr Sport,2015,2015 Jeep Wrangler,,35977450,58,Active,Sold
Toyota,RAV4,Hybrid XSE AWD (Natl),2021,2021 Toyota RAV4,,35976370,58,Active,Up/Contacted
TOYOTA,RAV4 Hybrid,,2020,2020 TOYOTA RAV4 Hybrid,,35973988,58,Active,Sold
,,,,  ,,35966742,769,Sold,Delivered
MINI,Cooper Hardtop,2dr Cpe S,2012,2012 MINI Cooper Hardtop,,36025681,58,Active,Lost
Porsche,911,Carrera Coupe,2018,2018 Porsche 911,,36023642,184,Active,Lost
Toyota,Avalon,TRD FWD (Natl),2021,2021 Toyota Avalon,,36020305,58,Active,Lost
Toyota,Corolla,4dr Sdn CVT S (Natl),2016,2016 Toyota Corolla,,36019029,58,Active,Sold
,,,,  ,,36016703,20330,Lost,No agreement reached
Volkswagen,GTI,2dr HB DSG w/Conv & Sunroof PZEV *Ltd Avail*,2013,2013 Volkswagen GTI,,36009887,58,Active,Sold
TOYOTA,COROLLA,,2021,2021 TOYOTA COROLLA,,36009164,58,Active,Sold
Jeep,Wrangler JK Unlimited,Rubicon 4x4,2018,2018 Jeep Wrangler JK Unlimited,,36008691,58,Active,Sold
,,,,  ,,36008332,769,Sold,Delivered
TOYOTA,Highlander Hybrid,,2021,2021 TOYOTA Highlander Hybrid,,36007797,58,Active,Sold
,,,,  ,,36007260,20271,Bad,No intent to buy
FORD,F-150,Raptor 4WD SuperCrew 5.5' Box,2018,2018 FORD F-150,,36003737,184,Active,Sold
Toyota,Tacoma 4WD,TRD Off Road Double Cab 5' Bed V6 AT (Natl),2021,2021 Toyota Tacoma 4WD,,36002302,58,Active,Pending F&I
Honda,Civic Sedan,LX CVT,2017,2017 Honda Civic Sedan,,36002117,58,Active,Sold
,,,,  ,,36000624,58,Active,Unqualified
,,,,  ,,36051348,769,Sold,Delivered
Kia,Sorento,LX AWD,2017,2017 Kia Sorento,,36051000,58,Active,Sold
Toyota,Tacoma 4WD,TRD Off Road Double Cab 5' Bed V6 AT (Natl),2020,2020 Toyota Tacoma 4WD,,36050911,58,Active,Sold
Jeep,Grand Cherokee,4WD 4dr Limited,2015,2015 Jeep Grand Cherokee,,36049487,58,Active,Sold
Porsche,Cayenne,S Coupe AWD,2020,2020 Porsche Cayenne,,36049331,184,Active,Sold
Chevrolet,Camaro,2dr Cpe SS w/1SS,2014,2014 Chevrolet Camaro,,36048834,58,Active,Lost
Ford,Escape,4WD 4dr XLT,2012,2012 Ford Escape,,36040684,58,Active,Up/Contacted
Lexus,LX 570,4WD 4dr,2013,2013 Lexus LX 570,,36033535,184,Active,Lost
Toyota,4Runner,SR5 4WD (Natl),2017,2017 Toyota 4Runner,,36032274,58,Active,Sold
Porsche,911,GT3,2021,2021 Porsche 911,,36031509,184,Active,Up/Contacted
Toyota,RAV4,Hybrid XSE AWD (Natl),2021,2021 Toyota RAV4,,36030687,58,Active,Sold
,,,,  ,,36030026,20271,Bad,Duplicate lead
Honda,Accord Coupe,EX-L V6 Auto,2017,2017 Honda Accord Coupe,,36029346,183,Active,Lost
BMW,330e,330e iPerformance Plug-In Hybrid,2017,2017 BMW 330e,,36029315,183,Active,Sold
Porsche,Cayenne,AWD,2021,2021 Porsche Cayenne,,36026300,184,Active,Demo Vehicle
Toyota,Tacoma 4WD,TRD Sport Double Cab 5' Bed V6 AT (Natl),2019,2019 Toyota Tacoma 4WD,,36075625,58,Active,Lost
,,,,  ,,36073237,769,Sold,Delivered
Toyota,Camry,SE Auto (Natl),2018,2018 Toyota Camry,,36072974,58,Active,Demo Vehicle
,,,,  ,,36071795,20271,Lost,Lead process completed
,,,,  ,,36071528,20330,Lost,Out of market
FORD,THUNDERBIRD,2dr Conv w/Hardtop Premium,2003,2003 FORD THUNDERBIRD,,36068202,184,Active,Sold
Porsche,Cayenne,E-Hybrid AWD,2021,2021 Porsche Cayenne,,36067041,184,Active,Sold
Porsche,911,Carrera Coupe,2021,2021 Porsche 911,,36066218,184,Active,Sold
Lexus,LX 570,4WD 4dr,2013,2013 Lexus LX 570,,36064784,184,Active,Lost
,,,,  ,,36059652,769,Sold,Delivered
TOYOTA,Prius Prime,XLE (Natl),2020,2020 TOYOTA Prius Prime,,36058019,58,Active,Sold
Toyota,Tundra 4WD,SR5 Double Cab 6.5' Bed 5.7L (Natl),2018,2018 Toyota Tundra 4WD,,36056616,58,Active,Sold
Toyota,Tacoma,2WD Double Cab V6 AT PreRunner (Natl),2014,2014 Toyota Tacoma,,36056072,58,Active,Sold
Toyota,Sienna,5dr 7-Pass Van V6 XLE FWD (Natl),2011,2011 Toyota Sienna,,36055548,58,Active,Lost
,,,,  ,,36052926,20330,Bad,Duplicate lead
Mercedes-Benz,ML350,ML350 SUV,2007,2007 Mercedes-Benz ML350,,36097586,184,Active,Sold
Porsche,Macan,Turbo,2021,2021 Porsche Macan,,36093021,184,Active,Demo Vehicle
Chevrolet,Equinox,FWD 4dr LT w/1LT,2011,2011 Chevrolet Equinox,,36092490,58,Active,Lost
Porsche,718 Cayman,GTS,2021,2021 Porsche 718 Cayman,,36092184,184,Active,Write Up
Porsche,Cayman,2dr Cpe S,2006,2006 Porsche Cayman,,36091627,184,Active,Up/Contacted
Chevrolet,Sonic,5dr HB Manual LT,2015,2015 Chevrolet Sonic,,36089137,58,Active,Sold
Toyota,Tundra 4WD,SR5 Double Cab 6.5' Bed 5.7L (Natl),2020,2020 Toyota Tundra 4WD,,36087215,58,Active,Sold
Chevrolet,Malibu,4dr Sdn LT w/2LT,2016,2016 Chevrolet Malibu,,36084304,58,Active,Sold
,,,,  ,,36082073,769,Sold,Delivered
Toyota,RAV4,AWD 4dr Limited (Natl),2013,2013 Toyota RAV4,,36079760,58,Active,Lost
,,,,  ,,36079743,301,Bad,Duplicate lead
Chevrolet,Malibu,4dr Sdn LT w/2LT,2016,2016 Chevrolet Malibu,,36079480,58,Active,Sold
,,,,  ,,36078466,20330,Sold,Delivered
,,,,  ,,36076221,766,Bad,Duplicate lead
Tesla,Model S,4dr Sdn AWD P90D,2016,2016 Tesla Model S,,36127826,184,Active,Lost
Toyota,4Runner,SR5 4WD (Natl),2021,2021 Toyota 4Runner,,36126431,58,Active,Sold
,,,,  ,,36125361,58,Active,Lost
Porsche,Macan,Turbo AWD w/Performance Pkg,2018,2018 Porsche Macan,,36124818,184,Active,Write Up
Toyota,Tacoma 4WD,TRD Off Road Double Cab 6' Bed V6 AT (Natl),2021,2021 Toyota Tacoma 4WD,,36123762,58,Active,Sold
Hyundai,Genesis,4dr Sdn V8,2011,2011 Hyundai Genesis,,36123699,183,Active,Sold
Porsche,Macan,,2021,2021 Porsche Macan,,36122993,184,Active,Write Up
TOYOTA,Highlander Hybrid,,2021,2021 TOYOTA Highlander Hybrid,,36115794,58,Active,Sold
,,,,  ,,36112628,769,Active,Active Lead
Lexus,RC 350,2dr Cpe AWD,2015,2015 Lexus RC 350,,36109301,183,Active,Sold
Toyota,Corolla,SE CVT (Natl),2021,2021 Toyota Corolla,,36107280,58,Active,Sold
,,,,  ,,36106369,20330,Bad,No intent to buy
Toyota,Avalon,Touring FWD (Natl),2021,2021 Toyota Avalon,,36105602,58,Active,Sold
,,,,  ,,36105316,301,Bad,Duplicate lead
BMW,X4,xDrive30i Sports Activity Coupe,2019,2019 BMW X4,,36103877,183,Active,Sold
Porsche,911 Carrera,2dr Carrera Cabriolet Tiptronic,2001,2001 Porsche 911 Carrera,,36101897,184,Active,Sold
Toyota,GR Supra,3.0 Premium Auto (Natl),2021,2021 Toyota GR Supra,,36151872,58,Active,Sold
Land Rover,Range Rover Sport,4WD 4dr Autobiography,2015,2015 Land Rover Range Rover Sport,,36151625,184,Active,Pending F&I
Ford,Focus,5dr HB SE,2016,2016 Ford Focus,,36147181,58,Active,Sold
,,,,  ,,36146320,769,Sold,Delivered
Toyota,Venza,Limited AWD (Natl),2021,2021 Toyota Venza,,36145805,58,Active,Sold
Toyota,RAV4,XLE AWD (Natl),2018,2018 Toyota RAV4,,36142069,58,Active,Sold
,,,,  ,,36140338,766,Bad,Duplicate lead
Toyota,RAV4,Limited AWD (Natl),2021,2021 Toyota RAV4,,36135656,58,Active,Sold
Toyota,Camry,XSE Automatic (Natl),2017,2017 Toyota Camry,,36134654,58,Active,Sold
Toyota,RAV4,Hybrid XLE AWD (Natl) *Ltd Avail*,2021,2021 Toyota RAV4,,36132478,58,Active,Sold
Dodge,Grand Caravan,GT Wagon,2019,2019 Dodge Grand Caravan,,36131163,58,Active,Sold
Toyota,Prius Prime,XLE (Natl),2021,2021 Toyota Prius Prime,,36128413,58,Active,Sold
Toyota,Sienna,5dr 7-Pass Van V6 Ltd AWD (Natl),2014,2014 Toyota Sienna,,36128035,58,Active,Sold
BMW,4 Series,440i Convertible,2017,2017 BMW 4 Series,,36179601,183,Active,Sold
Porsche,911,Carrera Coupe,2018,2018 Porsche 911,,36178521,184,Active,Up/Contacted
,,,,  ,,36174152,58,Active,Pending F&I
PORSCHE,MACAN,GTS,2021,2021 PORSCHE MACAN,,36172006,184,Active,Write Up
BMW,2 Series,2dr Cpe M235i RWD,2015,2015 BMW 2 Series,,36169471,184,Active,Sold
Porsche,Panamera,RWD,2019,2019 Porsche Panamera,,36166381,184,Active,Sold
Honda,Civic,EX Automatic Sedan,2010,2010 Honda Civic,,36163302,58,Active,Sold
,,,,  ,,36161293,769,Sold,Delivered
Porsche,718 Cayman,GTS 4.0 Coupe,2021,2021 Porsche 718 Cayman,,36161224,184,Active,Lost
ACURA,RDX,FWD 4dr Tech Pkg,2013,2013 ACURA RDX,,36158180,184,Active,Sold
Honda,CR-V,4WD LX Auto,2004,2004 Honda CR-V,,36155874,58,Active,Sold
,,,,  ,,36155230,769,Sold,Delivered
PORSCHE,CAYENNE,,2021,2021 PORSCHE CAYENNE,,36211015,184,Active,Write Up
,,,,  ,,36210121,769,Sold,Delivered
Porsche,718 Boxster,Roadster,2021,2021 Porsche 718 Boxster,,36206612,184,Active,Sold
Porsche,Cayenne,AWD,2017,2017 Porsche Cayenne,,36203454,184,Active,Sold
Porsche,911,Carrera Coupe,2017,2017 Porsche 911,,36199542,184,Active,Write Up
BMW,3 Series,M340i Sedan North America,2020,2020 BMW 3 Series,,36198929,183,Active,Lost
Lexus,IS 300,4dr Sdn Auto Trans,2003,2003 Lexus IS 300,,36198458,184,Active,Sold
Porsche,Macan,,2021,2021 Porsche Macan,,36197785,184,Active,Write Up
,,,,  ,,36197229,769,Lost,Lead process completed
Porsche,718 Cayman,GTS,2021,2021 Porsche 718 Cayman,,36194900,184,Active,Write Up
Lexus,IS 300,4dr Sdn Auto Trans,2003,2003 Lexus IS 300,,36193844,184,Active,Sold
BMW,5 Series,4dr Sdn 528i RWD,2016,2016 BMW 5 Series,,36193388,183,Active,Sold
HONDA,CIVIC,LX Automatic Sedan,2009,2009 HONDA CIVIC,,36189402,58,Active,Sold
Porsche,Cayenne,AWD,2021,2021 Porsche Cayenne,,36188025,184,Active,Sold
Toyota,RAV4,Hybrid LE AWD (Natl) *Ltd Avail*,2020,2020 Toyota RAV4,,36187467,58,Active,Sold
,,,,  ,,36185533,762,Bad,No intent to buy
Toyota,Tacoma,TRD Sport Double Cab 6' Bed V6 4x4 AT (Natl),2017,2017 Toyota Tacoma,,36261388,58,Active,Sold
,,,,  ,,36260511,769,Lost,Lead process completed
Cadillac,CTS Sedan,4dr Sdn 3.0L Luxury AWD,2012,2012 Cadillac CTS Sedan,,36254252,58,Active,Lost
BMW,4 Series,440i Convertible,2018,2018 BMW 4 Series,,36253504,183,Active,Lost
,,,,  ,,36253461,301,Lost,Lead process completed
Mercedes-Benz,GLC,GLC 300 4MATIC SUV,2019,2019 Mercedes-Benz GLC,,36250771,184,Active,Lost
,,,,  ,,36249502,769,Sold,Delivered
,,,,  ,,36240908,766,Bad,No intent to buy
PORSCHE,CAYENNE,TURBO,2021,2021 PORSCHE CAYENNE,,36228137,184,Active,Pending F&I
Porsche,911,Carrera S Coupe,2018,2018 Porsche 911,,36225913,184,Active,Up/Contacted
GMC,Yukon,4WD 4dr Denali,2015,2015 GMC Yukon,,36224940,58,Active,Sold
SUBARU,LEGACY,2.5i Limited,2017,2017 SUBARU LEGACY,,36224219,58,Active,Sold
BMW,2 Series,2dr Cpe M235i RWD,2015,2015 BMW 2 Series,,36223883,184,Active,Sold
BMW,X7,xDrive40i Sports Activity Vehicle,2020,2020 BMW X7,,36221318,183,Active,Lost
BMW,3 Series,330i Sedan,2017,2017 BMW 3 Series,,36307394,183,Active,Sold
Toyota,C-HR,XLE FWD (Natl),2018,2018 Toyota C-HR,,36304050,58,Active,Sold
Porsche,Macan,GTS AWD,2021,2021 Porsche Macan,,36301706,184,Active,Write Up
Porsche,718 Cayman,T Coupe,2021,2021 Porsche 718 Cayman,,36289836,184,Active,Sold
Toyota,Highlander,XLE V6 AWD (Natl),2019,2019 Toyota Highlander,,36287334,58,Active,Sold
PORSCHE,911,Carrera Coupe,2018,2018 PORSCHE 911,,36284658,184,Active,Sold
Honda,CR-V,LX AWD,2017,2017 Honda CR-V,,36277261,183,Active,Lost
,,,,  ,,36276707,183,Active,Lost
Ford,Mustang,GT Fastback,2019,2019 Ford Mustang,,36276088,58,Active,Write Up
Toyota,RAV4,AWD 4dr Limited (Natl),2014,2014 Toyota RAV4,,36273753,58,Active,Sold
Porsche,911,2dr Cabriolet 991 Carrera S,2012,2012 Porsche 911,,36267046,184,Active,Sold
Toyota,Tacoma,4WD Double Cab V6 AT (Natl),2015,2015 Toyota Tacoma,,36265606,58,Active,Sold
Porsche,911,Carrera Coupe,2018,2018 Porsche 911,,36262762,184,Active,Write Up
,,,,  ,,36262713,769,Sold,Delivered
Ford,F-150,"4WD SuperCab 133"" SVT Raptor",2014,2014 Ford F-150,,36329746,184,Active,Sold
Toyota,Tacoma,SR Access Cab 6' Bed I4 4x4 AT (Natl),2017,2017 Toyota Tacoma,,36329229,58,Active,Lost
Toyota,RAV4,Limited AWD (Natl),2021,2021 Toyota RAV4,,36328273,58,Active,Sold
Ford,Mustang,2dr Conv V6,2011,2011 Ford Mustang,,36325036,183,Active,Sold
BMW,5 Series,540i Sedan,2018,2018 BMW 5 Series,,36322865,183,Active,Sold
BMW,X5,AWD 4dr xDrive35i,2013,2013 BMW X5,,36322373,183,Active,Sold
Lexus,CT 200h,5dr Sdn Hybrid,2014,2014 Lexus CT 200h,,36321958,58,Active,Sold
Toyota,Corolla,LE CVT (Natl),2021,2021 Toyota Corolla,,36321557,58,Active,Sold
Toyota,Camry,SE Auto (Natl),2020,2020 Toyota Camry,,36321447,58,Active,Sold
BMW,3 Series,M340i Sedan North America,2020,2020 BMW 3 Series,,36317963,183,Active,Lost
Porsche,Cayenne,AWD,2021,2021 Porsche Cayenne,,36316761,184,Active,Write Up
Dodge,Journey,FWD 4dr American Value Pkg,2014,2014 Dodge Journey,,36311608,58,Active,Sold
Porsche,Taycan,Turbo Sedan,2020,2020 Porsche Taycan,,36311086,184,Active,Write Up
Genesis,G90,5.0L Ultimate RWD,2018,2018 Genesis G90,,36309398,183,Active,Sold
BMW,M5,Sedan,2021,2021 BMW M5,,36362747,183,Active,Sold
,,,,  ,,36362099,301,Bad,No intent to buy
Toyota,Highlander,XSE AWD (Natl),2021,2021 Toyota Highlander,,36361272,58,Active,Lost
Porsche,Macan,GTS AWD,2021,2021 Porsche Macan,,36359586,184,Active,Sold
,,,,  ,,36358921,769,Sold,Delivered
Porsche,Macan,AWD,2020,2020 Porsche Macan,,36356401,184,Active,Sold
Toyota,Land Cruiser,Heritage Edition 4WD (Natl),2021,2021 Toyota Land Cruiser,,36355702,58,Active,Sold
Toyota,RAV4,Hybrid XLE AWD (Natl) *Ltd Avail*,2021,2021 Toyota RAV4,,36355584,58,Active,Sold
Porsche,Taycan,Turbo S AWD,2021,2021 Porsche Taycan,,36351054,184,Active,Sold
PORSCHE,911,Carrera Coupe,2018,2018 PORSCHE 911,,36350474,184,Active,Sold
Kia,Optima,4dr Sdn 2.4L Auto EX,2012,2012 Kia Optima,,36343137,58,Active,Sold
Toyota,Highlander,Hybrid XLE AWD (Natl),2020,2020 Toyota Highlander,,36341145,58,Active,Sold
Ford,Explorer Sport Trac,"4dr 126"" WB",2001,2001 Ford Explorer Sport Trac,,36337146,58,Active,Up/Contacted
,,,,  ,,36335197,20271,Lost,Lead process completed
Toyota,Highlander,XLE V6 AWD (Natl),2019,2019 Toyota Highlander,,36329998,58,Active,Sold
Toyota,Tacoma 4WD,TRD Off Road Double Cab 5' Bed V6 AT (Natl),2020,2020 Toyota Tacoma 4WD,,36394022,58,Active,Sold
Porsche,718 Boxster,Roadster,2021,2021 Porsche 718 Boxster,,36391952,184,Active,Sold
Porsche,Cayenne,AWD 4dr S,2016,2016 Porsche Cayenne,,36391769,184,Active,Sold
,,,,  ,,36390760,301,Active,Waiting for prospect response
BMW,4 Series,440i Convertible,2018,2018 BMW 4 Series,,36388550,183,Active,Lost
Porsche,911,2dr Cpe Carrera 4S,2009,2009 Porsche 911,,36386500,184,Active,Lost
Lexus,LX 570,4WD 4dr,2013,2013 Lexus LX 570,,36385056,184,Active,Write Up
Porsche,Macan,AWD,2020,2020 Porsche Macan,,36378186,184,Active,Sold
Toyota,Tundra 4WD,SR5 CrewMax 5.5' Bed 5.7L (Natl),2021,2021 Toyota Tundra 4WD,,36377620,58,Active,Sold
,,,,  ,,36377233,766,Active,New Lead
Porsche,Taycan,Turbo S AWD,2021,2021 Porsche Taycan,,36377111,184,Active,Sold
Toyota,Corolla,SE CVT (Natl),2021,2021 Toyota Corolla,,36375760,58,Active,Sold
Nissan,Altima,4dr Sdn I4 2.5 SR,2016,2016 Nissan Altima,,36374334,58,Active,Sold
Porsche,Cayenne,Turbo Coupe AWD,2021,2021 Porsche Cayenne,,36371982,184,Active,Sold
,,,,  ,,36371788,20271,Bad,No intent to buy
Porsche,Macan,GTS AWD,2018,2018 Porsche Macan,,36368366,184,Active,Sold
,,,,  ,,36438468,20340,Active,Active Lead
Honda,Accord,EX-L V6 Automatic Sedan,2008,2008 Honda Accord,,36438070,58,Active,Sold
Toyota,Tacoma 4WD,TRD Off Road Double Cab 5' Bed V6 AT (Natl),2019,2019 Toyota Tacoma 4WD,,36435586,58,Active,Up/Contacted
Land Rover,Range Rover Sport,4WD 4dr Autobiography,2015,2015 Land Rover Range Rover Sport,,36433729,184,Active,Pending F&I
Porsche,Macan,AWD,2020,2020 Porsche Macan,,36427445,184,Active,Pending F&I
Toyota,Camry Hybrid,XSE (4dr Sedan),2021,2021 Toyota Camry Hybrid,,36424815,20271,Lost,Lead process completed
,,,,  ,,36421685,20271,Bad,Duplicate lead
Toyota,Corolla,SE CVT (Natl),2021,2021 Toyota Corolla,,36417844,58,Active,Sold
,,,,  ,,36417472,20330,Bad,Duplicate lead
Toyota,C-HR,XLE FWD (Natl),2018,2018 Toyota C-HR,,36413247,58,Active,Sold
Toyota,Venza,XLE AWD (Natl),2021,2021 Toyota Venza,,36410313,58,Active,Sold
Porsche,911,Carrera 4S Cabriolet,2020,2020 Porsche 911,,36408631,184,Active,Lost
Toyota,Corolla,LE CVT (Natl),2019,2019 Toyota Corolla,,36403458,58,Active,Sold
Subaru,Crosstrek,2.0i Manual,2017,2017 Subaru Crosstrek,,36400494,58,Active,Lost
Porsche,911,Carrera Coupe,2017,2017 Porsche 911,,36395266,184,Active,Sold
,,,,  ,,36395042,20140,Bad,Bad or no contact information
Porsche,Cayenne,AWD,2020,2020 Porsche Cayenne,,36488532,184,Active,Sold
Toyota,RAV4,LE AWD (Natl),2017,2017 Toyota RAV4,,36487678,58,Active,Sold
Ford,Mustang,GT Fastback,2019,2019 Ford Mustang,,36486477,58,Active,Write Up
Hyundai,Genesis,4dr Sdn V8,2011,2011 Hyundai Genesis,,36486075,183,Active,Write Up
Porsche,Macan,AWD,2020,2020 Porsche Macan,,36478802,184,Active,Sold
Toyota,Prius,LE (Natl),2020,2020 Toyota Prius,,36475946,58,Active,Sold
BMW,X5,AWD 4dr xDrive35i,2013,2013 BMW X5,,36474773,183,Active,Sold
Jeep,Patriot,4WD 4dr Sport,2016,2016 Jeep Patriot,,36471207,58,Active,Sold
Toyota,RAV4,Hybrid XLE AWD (Natl),2021,2021 Toyota RAV4,,36460010,58,Active,Sold
Porsche,Macan,GTS AWD,2021,2021 Porsche Macan,,36457544,184,Active,Sold
Toyota,Sienna,5dr 7-Pass Van V6 XLE FWD (Natl),2011,2011 Toyota Sienna,,36452485,58,Active,Lost
Toyota,Tacoma 4WD,TRD Sport Double Cab 5' Bed V6 AT (Natl),2021,2021 Toyota Tacoma 4WD,,36451543,58,Active,Demo Vehicle
Toyota,4Runner,4WD 4dr V6 SR5 (Natl),2008,2008 Toyota 4Runner,,36449296,183,Active,Lost
BMW,4 Series,430i Coupe,2018,2018 BMW 4 Series,,36446598,183,Active,Sold
Jeep,Wrangler,4WD 2dr Sport,2015,2015 Jeep Wrangler,,36445856,58,Active,Sold
,,,,  ,,36442971,769,Bad,No intent to buy
Porsche,911,Carrera S Cabriolet,2017,2017 Porsche 911,,36536372,184,Active,Sold
Dodge,Challenger,2dr Cpe R/T Classic,2012,2012 Dodge Challenger,,36531368,58,Active,Lost
Porsche,Cayenne,AWD,2020,2020 Porsche Cayenne,,36530960,184,Active,Sold
BMW,X5,AWD 4dr 3.0si,2008,2008 BMW X5,,36529292,184,Active,Write Up
Toyota,4Runner,SR5 4WD (Natl),2017,2017 Toyota 4Runner,,36527394,58,Active,Sold
,,,,  ,,36517851,769,Bad,No intent to buy
Toyota,Highlander,XLE AWD (Natl),2021,2021 Toyota Highlander,,36511648,58,Active,Lost
,,,,  ,,36508556,20271,Bad,No intent to buy
Toyota,Corolla,SE Manual (Natl),2018,2018 Toyota Corolla,,36502940,58,Active,Sold
Chevrolet,Equinox,FWD 4dr LT w/1LT,2011,2011 Chevrolet Equinox,,36500468,58,Active,Lost
Mitsubishi,Mirage,ES Manual,2018,2018 Mitsubishi Mirage,,36499403,58,Active,Sold
Toyota,Highlander,XLE FWD (Natl),2020,2020 Toyota Highlander,,36499291,58,Active,Sold
Toyota,Tacoma,SR5 Double Cab 5' Bed V6 4x4 AT (Natl),2017,2017 Toyota Tacoma,,36499132,58,Active,Sold
Dodge,Journey,Crossroad AWD,2018,2018 Dodge Journey,,36498410,58,Active,Sold
Dodge,Challenger,2dr Cpe R/T Classic,2012,2012 Dodge Challenger,,36497960,58,Active,Lost
PORSCHE,911,,2020,2020 PORSCHE 911,,36690094,184,Active,Sold
,,,,  ,,36685198,184,Active,Lost
BMW,M5,Sedan,2021,2021 BMW M5,,36684991,183,Active,Sold
Porsche,Cayenne,E-Hybrid AWD,2019,2019 Porsche Cayenne,,36678892,184,Active,Up/Contacted
Toyota,Camry,Hybrid XSE CVT (Natl),2021,2021 Toyota Camry,,36648791,58,Active,Write Up
PORSCHE,Macan Turbo,,2021,2021 PORSCHE Macan Turbo,,36626510,184,Active,Sold
Jeep,Grand Cherokee,Upland 4x4 *Ltd Avail*,2018,2018 Jeep Grand Cherokee,,36618870,58,Active,Sold
Porsche,911,Carrera Coupe,2018,2018 Porsche 911,,36610023,184,Active,Up/Contacted
PORSCHE,CAYENNE,AWD,2020,2020 PORSCHE CAYENNE,,36604864,184,Active,Sold
Subaru,Forester,4dr CVT 2.5i Premium PZEV,2015,2015 Subaru Forester,,36584813,183,Active,Sold
Toyota,Camry,SE Auto (Natl),2021,2021 Toyota Camry,,36582556,58,Active,Sold
PORSCHE,Macan,AWD,2019,2019 PORSCHE Macan,,36564503,184,Active,Sold
Toyota,Tacoma 4WD,TRD Off Road Double Cab 6' Bed V6 AT (Natl),2019,2019 Toyota Tacoma 4WD,,36553601,58,Active,Sold
Porsche,Macan,AWD,2017,2017 Porsche Macan,,36536550,184,Active,Sold
Toyota,Camry,4dr Sdn I4 Auto XLE (Natl),2015,2015 Toyota Camry,,36536469,58,Active,Sold
Porsche,911,Carrera Coupe,2017,2017 Porsche 911,,36832854,184,Active,Sold
Porsche,911,Carrera 4S Cabriolet,2017,2017 Porsche 911,,36828929,184,Active,Lost
PORSCHE,Macan Turbo,,2021,2021 PORSCHE Macan Turbo,,36826966,184,Active,Sold
Toyota,Corolla,4dr Sdn CVT S (Natl),2016,2016 Toyota Corolla,,36826778,58,Active,Sold
,,,,  ,,36826486,20271,Lost,Out of market
,,,,  ,,36813866,20330,Lost,No agreement reached
Toyota,Venza,Limited AWD (Natl),2021,2021 Toyota Venza,,36808875,58,Active,Sold
Porsche,Cayenne,AWD,2021,2021 Porsche Cayenne,,36797053,184,Active,Lost
,,,,  ,,36790412,769,Sold,Delivered
Toyota,RAV4,Hybrid LE AWD (Natl),2019,2019 Toyota RAV4,,36786622,58,Active,Sold
Toyota,Prius Prime,LE (Natl),2021,2021 Toyota Prius Prime,,36777899,58,Active,Sold
Lexus,LX 570,4WD 4dr,2013,2013 Lexus LX 570,,36768843,184,Active,Write Up
Porsche,Macan,AWD,2020,2020 Porsche Macan,,36734723,184,Active,Pending F&I
Honda,Accord Coupe,EX-L V6 Auto,2017,2017 Honda Accord Coupe,,36715252,183,Active,Lost
Porsche,Macan,S AWD,2020,2020 Porsche Macan,,36690732,184,Active,Unqualified
Toyota,Sienna,5dr 8-Pass Van V6 LE FWD (Natl),2012,2012 Toyota Sienna,,37128320,58,Active,Sold
BMW,X5,xDrive35i Sports Activity Vehicle,2018,2018 BMW X5,,37069538,183,Active,Up/Contacted
Toyota,4Runner,4WD 4dr V6 Limited (Natl),2011,2011 Toyota 4Runner,,37066494,58,Active,Sold
Porsche,911,Carrera 4S Cabriolet,2017,2017 Porsche 911,,37051891,184,Active,Up/Contacted
BMW,X5,xDrive35i Sports Activity Vehicle,2018,2018 BMW X5,,37019286,183,Active,Lost
TOYOTA,4RUNNER,,2021,2021 TOYOTA 4RUNNER,,36993672,58,Active,Sold
BMW,M3,Competition,2021,2021 BMW M3,,36968870,20330,Lost,Lead process completed
BMW,X2,sDrive28i Sports Activity Vehicle,2021,2021 BMW X2,,36958903,183,Active,Store Visit
Toyota,GR Supra,3.0 Premium Auto (Natl),2021,2021 Toyota GR Supra,,36942655,58,Active,Sold
Porsche,Macan,AWD,2020,2020 Porsche Macan,,36916972,184,Active,Sold
,,,,  ,,36903439,769,Sold,Delivered
Toyota,Highlander,XSE AWD (Natl),2021,2021 Toyota Highlander,,36879494,58,Active,Lost
,,,,  ,,41944169,301,Bad,No intent to buy
Mercedes-Benz,GLB,GLB 250,2021,2021 Mercedes-Benz GLB,,41928159,766,Active,Active Lead
,,,,  ,,41910362,715,Bad,No intent to buy
Porsche,911,Turbo S Coupe,2022,2022 Porsche 911,,41910361,184,Active,Up/Contacted
Hyundai,Santa Fe,SEL AWD,2021,2021 Hyundai Santa Fe,,41928161,48,Active,Unqualified
Honda,Passport,EX-L,2021,2021 Honda Passport,,41910365,762,Sold,Delivered
,,,,  ,,41928163,755,Lost,Out of market
Honda,Civic Type R,Touring,2021,2021 Honda Civic Type R,,41911435,748,Sold,Delivered
Dodge,Challenger,R/T Scat Pack,2016,2016 Dodge Challenger,,41911436,301,Sold,Delivered
Acura,ILX,w/Premium Package,2021,2021 Acura ILX,,41577589,20200,Sold,Delivered
Chevrolet,Cruze,LS,2014,2014 Chevrolet Cruze,,41832405,20200,Sold,Delivered
Honda,Accord Sedan,,2021,2021 Honda Accord Sedan,,41929149,20250,Active,Active Lead
Honda,Civic Sedan,LX,2021,2021 Honda Civic Sedan,,41911442,20250,Sold,Delivered
Honda,Civic Sedan,EX-L,2017,2017 Honda Civic Sedan,,41911441,20250,Sold,Delivered
Acura,ILX,w/Premium Package,2021,2021 Acura ILX,,41929146,20200,Sold,Delivered
PORSCHE,Macan,,2021,2021 PORSCHE Macan,,39088638,184,Active,Sold
,,,,  ,,36256995,20739,Sold,Delivered
,,,,  ,,40669308,739,Sold,Delivered
,,,,  ,,35732844,20739,Sold,Delivered
Honda,HR-V,EX-L,2020,2020 Honda HR-V,,35412993,762,Sold,Delivered
Honda,HR-V,EX-L,2020,2020 Honda HR-V,,35363858,762,Sold,Delivered
Honda,CR-V,EX-L,2019,2019 Honda CR-V,,36231938,762,Active,Active Lead
Honda,CR-V,EX-L,2019,2019 Honda CR-V,,36227470,762,Active,Active Lead
Honda,CR-V,EX-L,2019,2019 Honda CR-V,,36408992,762,Sold,Delivered
Honda,CR-V,EX-L,2019,2019 Honda CR-V,,36562424,762,Sold,Delivered
Honda,Pilot,,2014,2014 Honda Pilot,,35781885,20250,Active,Active Lead
Honda,Pilot,,2014,2014 Honda Pilot,,35876244,20250,Active,Active Lead
Honda,Pilot,,2014,2014 Honda Pilot,,36258085,20250,Lost,Lead process completed
,,,,  ,,36154143,20250,Bad,Duplicate lead
,,,,  ,,36016822,20250,Bad,Duplicate lead
Honda,Passport,Touring,2021,2021 Honda Passport,,35349662,20250,Active,Active Lead
,,,,  ,,41607386,58,Active,Lost
Honda,Accord,Sport SE,2021,2021 Honda Accord,,36299858,762,Active,Active Lead
Honda,HR-V,EX,2020,2020 Honda HR-V,,36323482,762,Sold,Pending Finance
Honda,Pilot,EX-L,2018,2018 Honda Pilot,,34781267,339,Sold,Delivered
Honda,CR-V,EX,2021,2021 Honda CR-V,,36263089,762,Sold,Delivered
,,,,  ,,41786799,20200,Sold,Delivered
,,,,  ,,36168532,751,Sold,Delivered
Honda,Passport,EX-L,2021,2021 Honda Passport,,36683256,762,Sold,Delivered
Honda,CR-V,EX,2021,2021 Honda CR-V,,36690446,762,Sold,Delivered
Toyota,Tundra 4WD,SR5,2021,2021 Toyota Tundra 4WD,,36241363,6,Active,Active Lead
Toyota,Tundra 4WD,SR5,2021,2021 Toyota Tundra 4WD,,36329497,6,Sold,Delivered
Honda,CR-V,EX-L,2018,2018 Honda CR-V,,36364696,762,Sold,Delivered
Porsche,Macan,Turbo AWD,2021,2021 Porsche Macan,,41687355,184,Active,Write Up
,,,,  ,,37652301,20350,Sold,Delivered
Honda,Insight,EX,2019,2019 Honda Insight,,36358285,20250,Active,Active Lead
Honda,Pilot,Black Edition,2021,2021 Honda Pilot,,36360128,762,Sold,Delivered
,,,,  ,,35412233,48,Active,Unqualified
,,,,  ,,35956968,48,Active,Unqualified
Porsche,Macan,S AWD,2020,2020 Porsche Macan,,37164280,184,Active,Sold
,,,,  ,,35992179,6,Lost,Bad Credit
Toyota,Camry,Hybrid XSE CVT (Natl),2021,2021 Toyota Camry,,37192023,58,Active,Sold
Toyota,Camry,Hybrid XSE CVT (Natl),2021,2021 Toyota Camry,,40965532,58,Active,Sold
Mercedes-Benz,E-Class,AMG E 63 S 4MATIC+ Wagon,2020,2020 Mercedes-Benz E-Class,,41448383,184,Active,Lost
Ford,Focus,SE,2016,2016 Ford Focus,,33640267,20250,Sold,Delivered
,,,,  ,,36013709,762,Active,Active Lead
Honda,Civic,EX,2020,2020 Honda Civic,,36205874,762,Sold,Delivered
Hyundai,Veloster,3dr Cpe Auto,2015,2015 Hyundai Veloster,,36060210,48,Active,Lost
Buick,Encore,,2016,2016 Buick Encore,,35961952,20739,Lost,Lead process completed
Hyundai,Any/All,,, Hyundai Any/All,,34977891,48,Active,Up/Contacted
Hyundai,Any/All,,, Hyundai Any/All,,36023814,48,Active,Up/Contacted
,,,,  ,,35931794,762,Active,Active Lead
Honda,CR-V,EX-L,2018,2018 Honda CR-V,,36389625,762,Lost,Out of market
Honda,CR-V,,2021,2021 Honda CR-V,,36061467,20250,Sold,Delivered
TOYOTA,4RUNNER,,2021,2021 TOYOTA 4RUNNER,,37675180,58,Active,Sold
Ram,2500,Big Horn,2021,2021 Ram 2500,,34829076,339,Active,Active Lead
Honda,Pilot,EX-L,2016,2016 Honda Pilot,,36150152,230,Sold,Delivered
,,,,  ,,41068322,6,Lost,Lead process completed
Ford,F-150,Raptor,2020,2020 Ford F-150,,41268959,241,Sold,Delivered
Mercury,Grand Marquis,LS,2006,2006 Mercury Grand Marquis,,35850200,241,Sold,Delivered
Volvo,XC90,T6 Inscription,2019,2019 Volvo XC90,,40390409,241,Sold,Delivered
Mercedes-Benz,C-Class,C 300,2019,2019 Mercedes-Benz C-Class,,36008597,20250,Lost,Lead process completed
Hyundai,Any/All,,, Hyundai Any/All,,40449566,48,Active,Up/Contacted
Honda,Civic Hatchback,EX,2021,2021 Honda Civic Hatchback,,36382179,20250,Sold,Delivered
Honda,Civic,EX-L,2020,2020 Honda Civic,,34571366,762,Sold,Delivered
Honda,Civic,EX-L,2020,2020 Honda Civic,,36654672,762,Sold,Delivered
,,,,  ,,35491250,20490,Sold,Delivered
Subaru,Crosstrek,CVT,2021,2021 Subaru Crosstrek,,36581243,751,Sold,Delivered
Honda,CR-V,EX-L,2021,2021 Honda CR-V,,40896837,762,Sold,Delivered
Porsche,911,Carrera Coupe,2017,2017 Porsche 911,,39038717,184,Active,Lost
Jeep,Renegade,4WD 4dr Latitude,2015,2015 Jeep Renegade,,36916675,48,Active,Sold
Jeep,Renegade,4WD 4dr Latitude,2015,2015 Jeep Renegade,,36322506,48,Active,Sold
Jeep,Renegade,4WD 4dr Latitude,2015,2015 Jeep Renegade,,36715860,48,Active,Sold
Honda,Accord Sedan,Sport SE,2021,2021 Honda Accord Sedan,,35666654,762,Sold,Delivered
Honda,Accord Sedan,Sport SE,2021,2021 Honda Accord Sedan,,36188832,762,Sold,Pending Finance
Honda,Accord,,2019,2019 Honda Accord,,36220436,762,Active,Active Lead
,,,,  ,,36807127,339,Sold,Delivered
,,,,  ,,36782503,339,Sold,Delivered
,,,,  ,,37087859,339,Sold,Delivered
Toyota,Tacoma,TRD Sport V6 (4x4 Double Cab 5 ft. box 127.4 in. W,2021,2021 Toyota Tacoma,,36096920,6,Active,Active Lead
,,,,  ,,36137631,6,Active,Active Lead
,,,,  ,,36275506,6,Active,Active Lead
Toyota,RAV4,FWD 4dr LE (Natl),2013,2013 Toyota RAV4,,41752678,58,Active,Store Visit
,,,,  ,,35894296,20490,Sold,Delivered
,,,,  ,,40644890,724,Sold,Delivered
,,,,  ,,35480877,751,Sold,Delivered
Toyota,Tacoma,TRD Sport,2021,2021 Toyota Tacoma,,36506238,6,Sold,Delivered
Honda,Accord Hybrid,,2020,2020 Honda Accord Hybrid,,35330779,20250,Sold,Delivered
Honda,Accord Sedan,,2018,2018 Honda Accord Sedan,,35914449,20250,Sold,Delivered
Honda,Civic,,2017,2017 Honda Civic,,36014141,20250,Sold,Delivered
,,,,  ,,39054722,20330,Lost,No agreement reached
Chevrolet,Traverse,AWD 4dr LT w/2LT,2009,2009 Chevrolet Traverse,,40490209,58,Active,Lost
Volkswagen,Passat,4dr Sdn 2.5L Auto SE w/Sunroof PZEV,2012,2012 Volkswagen Passat,,36083168,48,Active,Lost
Toyota,Highlander,LE V6 AWD (Natl),2019,2019 Toyota Highlander,,41665592,58,Active,Sold
Honda,CR-V,EX,2021,2021 Honda CR-V,,34599064,20250,Sold,Delivered
Honda,Accord,Sport 1.5T,2021,2021 Honda Accord,,36080244,20250,Sold,Delivered
Honda,Accord,Sport 1.5T,2021,2021 Honda Accord,,36366274,20250,Sold,Delivered
GMC,SIERRA 2500,"4WD Crew Cab 159""",2021,2021 GMC SIERRA 2500,,39215522,143,Active,Sold
Honda,Civic Sedan,Sport,2021,2021 Honda Civic Sedan,,36292086,20250,Sold,Delivered
Honda,Civic Sedan,Sport,2021,2021 Honda Civic Sedan,,34586447,20250,Sold,Delivered
,,,,  ,,36157222,6,Active,Active Lead
,,,,  ,,35610624,6,Lost,Lead process completed
,,,,  ,,35116215,6,Active,Active Lead
Honda,CR-V,EX-L,2020,2020 Honda CR-V,,36410960,762,Active,Active Lead
Honda,CR-V,EX,2021,2021 Honda CR-V,,36279074,20250,Sold,Delivered
Honda,Civic Sedan,EX,2021,2021 Honda Civic Sedan,,40747127,762,Sold,Delivered
,,,,  ,,35935215,339,Sold,Delivered
,,,,  ,,35614429,20490,Sold,Delivered
FIAT,500e BATTERY ELECTRIC,2dr HB,2013,2013 FIAT 500e BATTERY ELECTRIC,,40870846,184,Active,Sold
RAM,1500,Sport,2015,2015 RAM 1500,,36369660,241,Sold,Delivered
,,,,  ,,40629266,739,Sold,Delivered
,,,,  ,,41404321,58,Active,Lost
Hyundai,Elantra,SE 2.0L Auto (Ulsan Plant),2017,2017 Hyundai Elantra,,36014483,48,Active,Lost
Acura,RLX,w/Technology Pkg,2020,2020 Acura RLX,,35617993,763,Active,Active Lead
,,,,  ,,39097837,751,Sold,Delivered
,,,,  ,,35825950,20330,Sold,Delivered
Hyundai,Any/All,,, Hyundai Any/All,,40481906,48,Active,Write Up
,,,,  ,,36616666,751,Sold,Delivered
,,,,  ,,35688361,339,Sold,Delivered
,,,,  ,,40638619,717,Bad,Duplicate lead
,,,,  ,,36154620,751,Sold,Delivered
,,,,  ,,40629584,717,Lost,Out of market
Honda,HR-V,,2020,2020 Honda HR-V,,35957874,20250,Sold,Delivered
Honda,Odyssey,Touring,2021,2021 Honda Odyssey,,36662886,762,Sold,Delivered
Jeep,Grand Cherokee,Laredo,2007,2007 Jeep Grand Cherokee,,36080407,762,Sold,Delivered
Honda,CR-V,,2021,2021 Honda CR-V,,35921573,20250,Sold,Delivered
Nissan,Altima,,2017,2017 Nissan Altima,,35953349,20250,Sold,Delivered
Toyota,Tacoma,DOUBCAB,2013,2013 Toyota Tacoma,,36334621,6,Sold,Delivered
,,,,  ,,40374892,20490,Sold,Delivered
,,,,  ,,40652392,724,Sold,Delivered
Toyota,Tacoma,TRD Pro Double Cab 5' Bed V6 4x4 AT (SE),2018,2018 Toyota Tacoma,,40401879,58,Active,Lost
Toyota,Tacoma,TRD Pro Double Cab 5' Bed V6 4x4 AT (SE),2018,2018 Toyota Tacoma,,39181421,58,Active,Up/Contacted
,,,,  ,,35864557,48,Active,Store Visit
,,,,  ,,35746126,48,Active,Store Visit
Mercedes-Benz,GLC 300,GLC 300,2020,2020 Mercedes-Benz GLC 300,,36756153,230,Sold,Delivered
,,,,  ,,36196556,241,Lost,Lead process completed
,,,,  ,,35962698,20330,Lost,Lead process completed
Toyota,Tacoma,TRD Off Road,2020,2020 Toyota Tacoma,,35983967,6,Sold,Delivered
Honda,CR-V,EX,2020,2020 Honda CR-V,,36433669,762,Sold,Delivered
Toyota,4Runner,TRD Pro,2021,2021 Toyota 4Runner,,41830534,6,Sold,Delivered
Toyota,Corolla,4dr Sdn CVT S Plus (Natl),2015,2015 Toyota Corolla,,40399359,58,Active,Sold
,,,,  ,,41944171,6,Active,Active Lead
Kia,Niro,Touring Launch Edition FWD,2017,2017 Kia Niro,,39091335,184,Active,Lost
Honda,Civic,,2019,2019 Honda Civic,,36160088,20250,Sold,Delivered
PORSCHE,Macan Turbo,,2021,2021 PORSCHE Macan Turbo,,39146252,184,Active,Sold
Kia,Sportage,EX AWD,2019,2019 Kia Sportage,,36399814,48,Active,Lost
Hyundai,Sonata Hybrid,Limited 2.0L,2021,2021 Hyundai Sonata Hybrid,,35879052,48,Active,Lost
Hyundai,Sonata Hybrid,Limited 2.0L,2021,2021 Hyundai Sonata Hybrid,,36117020,48,Active,Lost
,,,,  ,,36221103,20490,Sold,Delivered
,,,,  ,,40673471,724,Sold,Delivered
,,,,  ,,36952071,20490,Sold,Delivered
Honda,Civic Sedan,,2018,2018 Honda Civic Sedan,,35758350,20250,Sold,Pending Finance
Honda,Civic Sedan,,2018,2018 Honda Civic Sedan,,36129711,20250,Active,Active Lead
Honda,CR-V,EX,2020,2020 Honda CR-V,,36141065,762,Sold,Delivered
,,,,  ,,40685225,717,Lost,Lead process completed
,,,,  ,,35935247,751,Sold,Delivered
,,,,  ,,41384770,327,Sold,Delivered
Nissan,Sentra,S,2017,2017 Nissan Sentra,,34660200,20250,Sold,Delivered
Honda,CR-V,,2021,2021 Honda CR-V,,35934228,20250,Sold,Delivered
,,,,  ,,40388663,20490,Sold,Delivered
,,,,  ,,40669545,724,Sold,Delivered
Honda,Ridgeline,,2021,2021 Honda Ridgeline,,40895874,762,Lost,Lead process completed
,,,,  ,,36654529,48,Active,Unqualified
Toyota,RAV4,Hybrid XSE AWD (Natl),2020,2020 Toyota RAV4,,40845386,58,Active,Sold
MINI,Paceman,S ALL4,2013,2013 MINI Paceman,,36030935,230,Lost,Lead process completed
,,,,  ,,35881263,48,Active,Up/Contacted
Volkswagen,Passat,2.0T R-Line,2021,2021 Volkswagen Passat,,41830533,241,Sold,Delivered
Honda,Passport,Sport,2021,2021 Honda Passport,,36197009,20250,Sold,Delivered
Honda,Passport,Sport,2021,2021 Honda Passport,,36075247,20250,Sold,Delivered
Porsche,Macan,GTS AWD,2021,2021 Porsche Macan,,36846868,184,Active,Sold
Hyundai,Santa Fe,Limited 2.0T Auto AWD,2020,2020 Hyundai Santa Fe,,36538808,48,Active,Demo Vehicle
Hyundai,Santa Fe,Limited 2.0T Auto AWD,2020,2020 Hyundai Santa Fe,,35184291,48,Active,Demo Vehicle
,,,,  ,,35600463,20490,Sold,Delivered
Honda,Pilot,,, Honda Pilot,,35728083,20350,Sold,Delivered
,,,,  ,,34566236,20250,Active,Active Lead
Honda,Civic,LX,2017,2017 Honda Civic,,36182421,20250,Sold,Delivered
Honda,Civic,LX,2017,2017 Honda Civic,,36356246,20250,Sold,Delivered
,,,,  ,,35851869,20350,Sold,Delivered
Scion,tC,2dr HB Man (Natl),2013,2013 Scion tC,,41123106,58,Active,Sold
Acura,RDX,w/A-Spec Pkg,2021,2021 Acura RDX,,36458801,763,Sold,Delivered
Ram,1500,Express,2016,2016 Ram 1500,,39195815,339,Sold,Delivered
Honda,HR-V,Sport,2020,2020 Honda HR-V,,36352531,762,Sold,Delivered
Honda,CR-V,EX,2020,2020 Honda CR-V,,36047916,20250,Sold,Delivered
,,,,  ,,35682536,762,Lost,Lead process completed
,,,,  ,,35692219,20350,Sold,Delivered
Honda,Passport,EX-L,2021,2021 Honda Passport,,35845346,20250,Sold,Delivered
Toyota,Tacoma,,2020,2020 Toyota Tacoma,,34410858,6,Sold,Delivered
,,,,  ,,41233251,6,Active,Active Lead
Mazda,CX-3,Touring,2019,2019 Mazda CX-3,,35194235,20250,Active,Active Lead
Honda,Civic,Sport,2018,2018 Honda Civic,,36309475,20250,Sold,Delivered
,,,,  ,,34923183,751,Sold,Delivered
Nissan,Pathfinder,Platinum,2018,2018 Nissan Pathfinder,,35699458,241,Sold,Delivered
TOYOTA,Prius Prime,,2020,2020 TOYOTA Prius Prime,,41694250,58,Active,Sold
,,,,  ,,35563283,20490,Sold,Delivered
,,,,  ,,40628798,724,Sold,Delivered
Hyundai,Tucson,AWD 4dr SE,2015,2015 Hyundai Tucson,,35928628,48,Active,Up/Contacted
Jeep,Cherokee,Latitude Lux,2021,2021 Jeep Cherokee,,36268615,339,Lost,Lead process completed
Jeep,Compass,Limited,2021,2021 Jeep Compass,,36517547,339,Active,Active Lead
Toyota,Venza,XLE,2021,2021 Toyota Venza,,36096712,6,Bad,Dealer test lead
,,,,  ,,40861719,58,Active,Demo Vehicle
,,,,  ,,35759821,751,Sold,Delivered
TOYOTA,HIGHLANDER,,2017,2017 TOYOTA HIGHLANDER,,37154179,58,Active,Sold
Hyundai,Any/All,,, Hyundai Any/All,,36051163,48,Active,Unqualified
Honda,Civic,LX,2018,2018 Honda Civic,,37638486,762,Sold,Delivered
Honda,Accord Sdn,EX,2008,2008 Honda Accord Sdn,,36375457,762,Sold,Delivered
Subaru,Forester,,2018,2018 Subaru Forester,,40687570,739,Lost,Out of market
Subaru,Forester,,2018,2018 Subaru Forester,,36057072,20739,Lost,Out of market
Mercedes-Benz,GLC 300,GLC 300,2021,2021 Mercedes-Benz GLC 300,,36597496,230,Active,Active Lead
Toyota,4Runner,,2017,2017 Toyota 4Runner,,41735188,6,Sold,Delivered
,,,,  ,,40543419,327,Sold,Delivered
Volkswagen,Jetta,S,2021,2021 Volkswagen Jetta,,40756518,241,Sold,Delivered
,,,,  ,,36002553,327,Sold,Delivered
Acura,RDX,BASE,2013,2013 Acura RDX,,36286295,762,Active,Active Lead
,,,,  ,,40770069,58,Active,Lost
Honda,Civic,EX,2017,2017 Honda Civic,,36325614,20250,Lost,Lead process completed
Honda,Accord,Sport,2020,2020 Honda Accord,,34865646,762,Sold,Delivered
Ford,F-150,LARI,2016,2016 Ford F-150,,36250347,241,Sold,Delivered
Mercedes-Benz,GLC 300,GLC 300,2020,2020 Mercedes-Benz GLC 300,,36557068,230,Active,Active Lead
,,,,  ,,41768141,20200,Sold,Delivered
TOYOTA,Highlander Hybrid,,2021,2021 TOYOTA Highlander Hybrid,,41349355,58,Active,Sold
,,,,  ,,41344043,58,Active,Write Up
Mercedes-Benz,GLE,GLE 350,2021,2021 Mercedes-Benz GLE,,39171856,766,Active,Active Lead
,,,,  ,,39164937,766,Active,Active Lead
Hyundai,Elantra,Value Edition IVT,2020,2020 Hyundai Elantra,,40444602,48,Active,Sold
Honda,CR-V,EX-L,2020,2020 Honda CR-V,,36229424,762,Sold,Delivered
,,,,  ,,39038776,48,Active,Unqualified
,,,,  ,,36227815,48,Active,Lost
Toyota,Camry,,2019,2019 Toyota Camry,,39094162,762,Bad,Duplicate lead
Alfa Romeo,4C Coupe,Coupe,2018,2018 Alfa Romeo 4C Coupe,,39068733,184,Active,Sold
Alfa Romeo,4C Coupe,Coupe,2018,2018 Alfa Romeo 4C Coupe,,40452428,184,Active,Sold
Honda,HR-V,,2018,2018 Honda HR-V,,36219669,20250,Bad,Duplicate lead
Honda,Accord,EX-L 1.5T,2020,2020 Honda Accord,,36412017,20250,Sold,Delivered
TOYOTA,4RUNNER,,2019,2019 TOYOTA 4RUNNER,,36397741,48,Active,Sold
,,,,  ,,39158346,58,Active,Lost
Honda,Passport,Elite (4dr AWD),2021,2021 Honda Passport,,36183574,20250,Sold,Delivered
Honda,CR-V Hybrid,Touring,2020,2020 Honda CR-V Hybrid,,36411484,20250,Active,Active Lead
Honda,CR-V Hybrid,Touring,2020,2020 Honda CR-V Hybrid,,36462286,20250,Sold,Delivered
Honda,Civic,LX,2017,2017 Honda Civic,,36569970,762,Sold,Delivered
Nissan,Sentra,,, Nissan Sentra,,35734182,259,Sold,Delivered
BMW,530i,530i xDrive,2021,2021 BMW 530i,,34613704,20330,Active,Active Lead
TOYOTA,Highlander Hybrid,,2020,2020 TOYOTA Highlander Hybrid,,39185817,58,Active,Sold
Honda,HR-V,EX,2021,2021 Honda HR-V,,36374351,20250,Sold,Delivered
,,,,  ,,35738848,20250,Lost,Lead process completed
,,,,  ,,36434118,48,Active,Unqualified
,,,,  ,,35868229,48,Active,Unqualified
Buick,Enclave,Leather,2013,2013 Buick Enclave,,36209648,762,Lost,Lead process completed
Lexus,NX,NX Turbo F Sport,2017,2017 Lexus NX,,36285910,20250,Sold,Delivered
JEEP,PATRIOT,FWD 4dr Latitude,2014,2014 JEEP PATRIOT,,36415479,48,Active,Sold
Toyota,Highlander,Hybrid XLE AWD (Natl),2021,2021 Toyota Highlander,,37373979,58,Active,Sold
Subaru,Outback,4dr Wgn 2.5i Premium PZEV,2015,2015 Subaru Outback,,41550464,58,Active,Sold
Honda,HR-V,LX,2021,2021 Honda HR-V,,36138267,20250,Sold,Delivered
Honda,HR-V,LX,2021,2021 Honda HR-V,,36324404,20250,Sold,Delivered
Toyota,Tacoma 4WD,TRD Off Road Double Cab 6' Bed V6 AT (Natl),2021,2021 Toyota Tacoma 4WD,,39105524,58,Active,Sold
Toyota,Tacoma 4WD,TRD Off Road Double Cab 6' Bed V6 AT (Natl),2021,2021 Toyota Tacoma 4WD,,39116764,58,Active,Sold
,,,,  ,,36048467,230,Active,Active Lead
Audi,Q5,2.0 TFSI Premium Plus,2018,2018 Audi Q5,,35009655,48,Active,Lost
Chevrolet,Silverado 1500,LT,2017,2017 Chevrolet Silverado 1500,,36176589,762,Sold,Delivered
Honda,Pilot,EX-L,2021,2021 Honda Pilot,,36723363,762,Sold,Delivered
Mercedes-Benz,S 560,S 560,2020,2020 Mercedes-Benz S 560,,36539625,230,Active,Active Lead
TOYOTA,4RUNNER,,2021,2021 TOYOTA 4RUNNER,,39053004,58,Active,Sold
,,,,  ,,36033529,48,Active,Unqualified
Kia,Sportage,LX,2018,2018 Kia Sportage,,34697133,762,Sold,Delivered
Subaru,Outback,2.5i Limited,2018,2018 Subaru Outback,,39077402,58,Active,Demo Vehicle
,,,,  ,,35716445,48,Active,Unqualified
Honda,Passport,Touring,2020,2020 Honda Passport,,36089953,762,Lost,Lead process completed
Kia,Soul,,, Kia Soul,,36219177,20490,Sold,Delivered
Ferrari,575M Maranello,2dr Cpe F1,2002,2002 Ferrari 575M Maranello,,39061379,184,Active,Sold
Honda,CR-V,EX,2021,2021 Honda CR-V,,35987142,762,Sold,Delivered
Honda,CR-V,EX,2021,2021 Honda CR-V,,39179339,762,Sold,Delivered
Honda,CR-V,EX-L,2020,2020 Honda CR-V,,36298301,762,Active,Active Lead
Honda,Passport,EX-L,2021,2021 Honda Passport,,34973363,762,Sold,Delivered
Honda,CR-V,EX,2017,2017 Honda CR-V,,36755163,762,Sold,Delivered
Toyota,Tacoma,TRD Sport Double Cab 6' Bed V6 4x4 AT (Natl),2017,2017 Toyota Tacoma,,37226315,58,Active,Lost
Honda,Civic Sedan,EX,2018,2018 Honda Civic Sedan,,35910268,20250,Sold,Delivered
Honda,HR-V,EX,2018,2018 Honda HR-V,,36175480,20250,Sold,Delivered
Toyota,Camry,LE,2021,2021 Toyota Camry,,41003801,6,Lost,Purchased same brand different dealer
Honda,HR-V,,2020,2020 Honda HR-V,,35976293,20250,Lost,Lead process completed
Honda,Civic,,, Honda Civic,,36080522,20350,Sold,Delivered
Jeep,Compass,Sport,2021,2021 Jeep Compass,,36738684,339,Lost,Lead process completed
Chevrolet,Malibu,LT,2018,2018 Chevrolet Malibu,,36307250,20250,Sold,Delivered
TOYOTA,RAV4 Prime,,2021,2021 TOYOTA RAV4 Prime,,40790787,58,Active,Sold
Toyota,Camry Hybrid,XSE (4dr Sedan),2021,2021 Toyota Camry Hybrid,,40653446,717,Lost,Lead process completed
Honda,CR-V,EX-L,2020,2020 Honda CR-V,,36365290,762,Sold,Delivered
Honda,CR-V,EX,2020,2020 Honda CR-V,,36571181,762,Sold,Delivered
,,,,  ,,41751842,58,Active,Up/Contacted
,,,,  ,,41681597,58,Active,Store Visit
Hyundai,Palisade,Calligraphy AWD,2021,2021 Hyundai Palisade,,36438391,48,Active,Up/Contacted
Mazda,Mazda3,,2016,2016 Mazda Mazda3,,36038989,20250,Sold,Delivered
Mazda,Mazda3,,2016,2016 Mazda Mazda3,,34922525,20250,Sold,Delivered
Toyota,Camry,SE Automatic (Natl),2017,2017 Toyota Camry,,40801300,58,Active,Sold
Toyota,Tacoma,TRD Sport Double Cab 6' Bed V6 4x4 AT (Natl),2017,2017 Toyota Tacoma,,39203682,58,Active,Sold
Honda,HR-V,LX,2021,2021 Honda HR-V,,36331607,20250,Sold,Pending Finance
,,,,  ,,35699772,230,Active,Active Lead
Hyundai,Sonata,2.4L,2017,2017 Hyundai Sonata,,36243845,20250,Sold,Delivered
,,,,  ,,36087218,20490,Sold,Delivered
Honda,CR-V,EX,2017,2017 Honda CR-V,,36238670,762,Sold,Delivered
,,,,  ,,40987969,766,Sold,Delivered
Acura,RDX,w/Technology Pkg,2021,2021 Acura RDX,,36500942,763,Active,Active Lead
Honda,Odyssey,EX-L,2022,2022 Honda Odyssey,,36397178,20250,Sold,Delivered
Honda,Civic,Sport,2021,2021 Honda Civic,,36231222,20250,Sold,Delivered
Honda,Civic,Sport,2021,2021 Honda Civic,,36087790,20250,Sold,Delivered
,,,,  ,,40638914,724,Sold,Delivered
,,,,  ,,35979336,20490,Sold,Delivered
Toyota,Camry,SE,2019,2019 Toyota Camry,,36145825,20250,Sold,Delivered
Honda,Ridgeline,,2021,2021 Honda Ridgeline,,35963583,20250,Lost,Lead process completed
TOYOTA,AVALON,Limited (Natl),2020,2020 TOYOTA AVALON,,39049507,58,Active,Sold
Toyota,4Runner,,2021,2021 Toyota 4Runner,,39199479,58,Active,Write Up
Toyota,4Runner,,2021,2021 Toyota 4Runner,,39161728,58,Active,Lost
Toyota,RAV4,,2011,2011 Toyota RAV4,,39214717,762,Lost,Lead process completed
Acura,RDX,AWD,2018,2018 Acura RDX,,34280169,20200,Sold,Delivered
Acura,RDX,AWD,2018,2018 Acura RDX,,36454407,20200,Sold,Delivered
Honda,CR-V,,2021,2021 Honda CR-V,,35953433,20250,Sold,Delivered
Honda,CR-V,,2021,2021 Honda CR-V,,36171587,20250,Sold,Delivered
,,,,  ,,41238943,6,Lost,Requested no further contact
Volkswagen,Passat,1.8T SE Auto,2017,2017 Volkswagen Passat,,39172443,48,Active,Lost
,,,,  ,,34266474,751,Sold,Delivered
Mercedes-Benz,GLE 450,,2021,2021 Mercedes-Benz GLE 450,,35496690,230,Sold,Delivered
Honda,Civic Sdn,EX,2013,2013 Honda Civic Sdn,,36168246,20250,Sold,Delivered
Mercedes-Benz,AMG GLE 43,SUV,2018,2018 Mercedes-Benz AMG GLE 43,,36542907,230,Active,Active Lead
,,,,  ,,36130972,48,Active,Up/Contacted
Jeep,Grand Cherokee,Limited,2017,2017 Jeep Grand Cherokee,,36527984,339,Lost,Lead process completed
Toyota,Tacoma,TRD Sport,2021,2021 Toyota Tacoma,,36452723,6,Sold,Delivered
,,,,  ,,39041410,48,Active,Unqualified
Jeep,Cherokee,Trailhawk,2021,2021 Jeep Cherokee,,36296198,339,Lost,Lead process completed
Volkswagen,Tiguan,2.0T S,2020,2020 Volkswagen Tiguan,,36035340,241,Sold,Delivered
Mercedes-Benz,GLS 450,,2021,2021 Mercedes-Benz GLS 450,,36153717,230,Sold,Delivered
Porsche,911,2dr Cpe Carrera 4S,2009,2009 Porsche 911,,36849806,184,Active,Unqualified
Toyota,Corolla,LE,2018,2018 Toyota Corolla,,36162434,20250,Sold,Delivered
,,,,  ,,40667027,717,Bad,No intent to buy
,,,,  ,,36120250,48,Active,Unqualified
,,,,  ,,35992116,20350,Sold,Delivered
Honda,Passport,EX-L,2021,2021 Honda Passport,,36483530,20250,Sold,Delivered
Honda,Passport,EX-L,2021,2021 Honda Passport,,34586957,20250,Sold,Delivered
,,,,  ,,36021421,20350,Sold,Delivered
Honda,Civic,EX,2019,2019 Honda Civic,,36099962,762,Sold,Delivered
Honda,CR-V,EX,2018,2018 Honda CR-V,,36216802,762,Sold,Delivered
,,,,  ,,39289126,301,Bad,Duplicate lead
Toyota,Prius Prime,XLE (Natl),2021,2021 Toyota Prius Prime,,40983229,58,Active,Sold
Toyota,Prius Prime,XLE (Natl),2021,2021 Toyota Prius Prime,,40925966,58,Active,Sold
Honda,CR-V,EX-L,2007,2007 Honda CR-V,,36685990,762,Bad,Duplicate lead
Honda,CR-V,EX,2019,2019 Honda CR-V,,36082479,20250,Sold,Delivered
Honda,CR-V,EX,2019,2019 Honda CR-V,,36023668,20250,Sold,Delivered
FIAT,500e,BTRYELEC,2017,2017 FIAT 500e,,36323590,241,Sold,Delivered
,,,,  ,,41652416,58,Active,Write Up
Toyota,C-HR,XLE,2020,2020 Toyota C-HR,,36381435,20250,Sold,Delivered
Mercedes-Benz,E-Class,AMG E 63 S 4MATIC+ Wagon,2020,2020 Mercedes-Benz E-Class,,41681594,184,Active,Lost
,,,,  ,,35738258,20490,Sold,Delivered
,,,,  ,,40658810,724,Sold,Delivered
Toyota,Highlander Hybrid,Hybrid Platinum,2021,2021 Toyota Highlander Hybrid,,36400509,6,Lost,Working with other salesperson
Chevrolet,Silverado 1500,"4WD Ext Cab 143.5"" LTZ",2010,2010 Chevrolet Silverado 1500,,39193680,58,Active,Lost
Honda,Ridgeline,Black Edition,2021,2021 Honda Ridgeline,,36911676,762,Lost,Lead process completed
,,,,  ,,36023192,6,Active,Active Lead
Honda,Civic,EX-T,2018,2018 Honda Civic,,36445376,762,Sold,Delivered
PORSCHE,CAYENNE,,2021,2021 PORSCHE CAYENNE,,39050647,184,Active,Write Up
Porsche,Cayenne,AWD,2021,2021 Porsche Cayenne,,39073598,184,Active,Sold
Porsche,Cayenne,AWD,2021,2021 Porsche Cayenne,,40447469,184,Active,Sold
Honda,Accord Sedan,EX,2016,2016 Honda Accord Sedan,,39151177,762,Sold,Delivered
Honda,Accord Sedan,EX,2016,2016 Honda Accord Sedan,,36163283,762,Sold,Delivered
,,,,  ,,37574356,20490,Sold,Delivered
,,,,  ,,36111787,20490,Sold,Delivered
,,,,  ,,35835250,20490,Sold,Delivered
TOYOTA,TACOMA,,2021,2021 TOYOTA TACOMA,,41105141,58,Active,Sold
Honda,Pilot,Black Edition,2021,2021 Honda Pilot,,36304769,20250,Sold,Delivered
Honda,CR-V,EX-L,2013,2013 Honda CR-V,,36221473,762,Active,Active Lead
RAM,ProMaster 2500,High Roof,2017,2017 RAM ProMaster 2500,,39045775,241,Lost,Lead process completed
Toyota,Prius Prime,Plus (Natl),2017,2017 Toyota Prius Prime,,39087886,58,Active,Pending F&I
,,,,  ,,37206616,20271,Bad,No intent to buy
Honda,Civic Sedan,EX,2018,2018 Honda Civic Sedan,,36217508,20250,Sold,Delivered
Honda,,,2021,2021 Honda ,,36305282,20250,Sold,Delivered
Honda,,,2021,2021 Honda ,,35741712,20250,Sold,Delivered
Hyundai,Palisade,Calligraphy AWD,2021,2021 Hyundai Palisade,,36205757,48,Active,Lost
,,,,  ,,39146542,48,Active,Lost
,,,,  ,,35727840,751,Sold,Delivered
Porsche,Taycan,RWD,2021,2021 Porsche Taycan,,39104384,184,Active,Sold
,,,,  ,,35749843,48,Active,Unqualified
,,,,  ,,35871712,48,Active,Unqualified
,,,,  ,,39066733,48,Active,Unqualified
,,,,  ,,41005687,6,Lost,Purchased same brand different dealer
,,,,  ,,35400464,20250,Active,Active Lead
,,,,  ,,36841924,48,Active,Unqualified
Nissan,Armada,SL,2019,2019 Nissan Armada,,36286504,20250,Sold,Delivered
,,,,  ,,34400253,751,Sold,Delivered
,,,,  ,,36179579,20490,Sold,Delivered
,,,,  ,,40662526,717,Bad,Duplicate lead
Honda,CR-V,EX,2020,2020 Honda CR-V,,36392028,748,Sold,Delivered
,,,,  ,,41384767,766,Bad,Duplicate lead
Honda,Civic Sedan,Sport,2021,2021 Honda Civic Sedan,,36553096,762,Sold,Delivered
Toyota,Tacoma,,2021,2021 Toyota Tacoma,,40384048,58,Active,Lost
,,,,  ,,35462446,755,Bad,Dealer test lead
Honda,CR-V,EX-L,2021,2021 Honda CR-V,,35113569,20250,Sold,Delivered
Toyota,Tacoma 4WD,TRD Sport Double Cab 5' Bed V6 AT (Natl),2021,2021 Toyota Tacoma 4WD,,37170080,58,Active,Sold
BMW,X3,,2021,2021 BMW X3,,36004999,20330,Lost,Lead process completed
Volkswagen,Jetta,SEL,2021,2021 Volkswagen Jetta,,39224657,241,Sold,Delivered
Honda,Ridgeline,RTL,2020,2020 Honda Ridgeline,,34990147,20250,Sold,Delivered
Honda,Accord,EX-L 1.5T,2021,2021 Honda Accord,,36104089,20250,Lost,Lead process completed
Honda,CR-V,EX-L,2020,2020 Honda CR-V,,39131864,762,Sold,Delivered
Honda,CR-V,EX-L,2020,2020 Honda CR-V,,41539130,762,Sold,Delivered
TOYOTA,Highlander Hybrid,,2021,2021 TOYOTA Highlander Hybrid,,37158077,58,Active,Sold
Honda,Civic,LX,2021,2021 Honda Civic,,36472715,20250,Active,Active Lead
Honda,CR-V,EX,2020,2020 Honda CR-V,,36381888,762,Sold,Delivered
Honda,CR-V Hybrid,EX,2021,2021 Honda CR-V Hybrid,,35041955,748,Active,Active Lead
Honda,CR-V,EX,2021,2021 Honda CR-V,,36477789,748,Lost,Lead process completed
Toyota,Tacoma,SR5,2021,2021 Toyota Tacoma,,36333232,6,Bad,Shopping out of area
Honda,CR-V,Touring,2021,2021 Honda CR-V,,36019784,20250,Sold,Delivered
Honda,CR-V,Touring,2021,2021 Honda CR-V,,36031095,20250,Sold,Delivered
,,,,  ,,36004736,20250,Lost,Lead process completed
Toyota,Camry,LE Auto (Natl),2020,2020 Toyota Camry,,40965729,58,Active,Sold
BMW,3 Series,328i,2014,2014 BMW 3 Series,,36395015,241,Lost,Lead process completed
Hyundai,Sonata,SEL 2.4L,2018,2018 Hyundai Sonata,,36828265,48,Active,Sold
Hyundai,Tucson,SE AWD,2019,2019 Hyundai Tucson,,35823246,48,Active,Sold
Honda,Accord Sedan,4dr I4 CVT LX,2015,2015 Honda Accord Sedan,,39173771,58,Active,Sold
,,,,  ,,36038342,241,Lost,Lead process completed
Honda,Civic,LX,2020,2020 Honda Civic,,36025564,762,Sold,Delivered
,,,,  ,,40433719,6,Lost,Lead process completed
,,,,  ,,36450794,6,Lost,Lead process completed
Lexus,RX 350,RX 350,2017,2017 Lexus RX 350,,36205252,20200,Sold,Delivered
,,,,  ,,35423883,230,Active,Active Lead
,,,,  ,,41768142,20200,Sold,Delivered
Mercedes-Benz,A,A 220,2019,2019 Mercedes-Benz A,,36449748,230,Sold,Delivered
Honda,Odyssey,,2017,2017 Honda Odyssey,,35883777,20250,Sold,Delivered
Toyota,4Runner,Venture,2021,2021 Toyota 4Runner,,36026209,6,Sold,Delivered
BMW,X7,,2021,2021 BMW X7,,37148683,20330,Sold,On Order
Honda,CR-V,EX-L w/Navigation,2014,2014 Honda CR-V,,36444024,20250,Sold,Delivered
Kia,Optima,,, Kia Optima,,40445494,20490,Sold,Delivered
Kia,Optima,,, Kia Optima,,40636641,724,Sold,Delivered
,,,,  ,,37649206,751,Sold,Delivered
,,,,  ,,41552631,766,Sold,Delivered
Honda,CR-V,EX,2021,2021 Honda CR-V,,35071681,20250,Sold,Delivered
Toyota,Tundra 4WD,SR5 CrewMax 5.5' Bed 5.7L (Natl),2017,2017 Toyota Tundra 4WD,,39180198,58,Active,Lost
BMW,M4,2dr Conv,2016,2016 BMW M4,,39159123,183,Active,Lost
Honda,CR-V,EX,2020,2020 Honda CR-V,,35902168,762,Sold,Delivered
RAM,3500,Tradesman,2020,2020 RAM 3500,,36357545,339,Lost,Lead process completed
Honda,CR-V,EX-L,2021,2021 Honda CR-V,,36384097,20250,Sold,Delivered
Toyota,Prius,5dr HB Three (Natl),2016,2016 Toyota Prius,,39202002,58,Active,Sold
Toyota,Prius,5dr HB Three (Natl),2016,2016 Toyota Prius,,39110277,58,Active,Sold
Toyota,RAV4,Sport,2010,2010 Toyota RAV4,,39133651,762,Bad,Duplicate lead
Honda,HR-V,LX,2019,2019 Honda HR-V,,41928164,748,Active,Active Lead
Toyota,Prius Prime,Advanced (Natl),2019,2019 Toyota Prius Prime,,39121156,58,Active,Sold
Toyota,Sequoia,TRD Sport 4WD (Natl),2021,2021 Toyota Sequoia,,41665593,58,Active,Lost
,,,,  ,,40578299,6,Lost,Lead process completed
,,,,  ,,40482383,6,Active,Active Lead
Honda,Ridgeline,RTL-E,2021,2021 Honda Ridgeline,,36474383,20250,Sold,Delivered
Honda,Passport,,2021,2021 Honda Passport,,36177329,20250,Sold,Delivered
Subaru,Crosstrek,Sport,2021,2021 Subaru Crosstrek,,35314120,751,Sold,Delivered
Toyota,RAV4,LE,2021,2021 Toyota RAV4,,34912681,6,Sold,Delivered
,,,,  ,,41534449,184,Active,Lost
,,,,  ,,41264213,184,Active,Lost
Honda,Passport,EX-L,2021,2021 Honda Passport,,36433823,20250,Sold,Delivered
Honda,Passport,EX-L,2021,2021 Honda Passport,,36358853,20250,Sold,Delivered
,,,,  ,,39101864,301,Lost,Lead process completed
Honda,Civic Hatchback,Sport Touring,2021,2021 Honda Civic Hatchback,,39128396,762,Sold,Delivered
Honda,Accord Sedan,Touring,2021,2021 Honda Accord Sedan,,36160310,762,Lost,Lead process completed
,,,,  ,,37618523,48,Active,Unqualified
,,,,  ,,36195548,48,Active,Unqualified
HYUNDAI,Palisade,Limited AWD,2021,2021 HYUNDAI Palisade,,36268628,48,Active,Sold
,,,,  ,,35984698,48,Active,Up/Contacted
Nissan,Armada,SL,2019,2019 Nissan Armada,,36671655,20250,Sold,Delivered
Hyundai,Elantra,SE IVT,2021,2021 Hyundai Elantra,,37108580,48,Active,Unqualified
Hyundai,Santa Fe,SEL AWD,2021,2021 Hyundai Santa Fe,,36016261,48,Active,Up/Contacted
Hyundai,Santa Fe,SE 2.4L Auto AWD,2020,2020 Hyundai Santa Fe,,36143392,48,Active,Up/Contacted
,,,,  ,,35965844,48,Active,Store Visit
Hyundai,Tucson,AWD 4dr Limited,2016,2016 Hyundai Tucson,,36507857,48,Active,Unqualified
Hyundai,Elantra,SEL IVT SULEV,2021,2021 Hyundai Elantra,,36216915,48,Active,Up/Contacted
Honda,Odyssey,Touring,2022,2022 Honda Odyssey,,39126643,20250,Lost,Lead process completed
Honda,HR-V,Sport,2020,2020 Honda HR-V,,35897164,20250,Sold,Delivered
Hyundai,Sonata,SE 2.5L,2021,2021 Hyundai Sonata,,36276766,48,Active,Up/Contacted
JEEP,PATRIOT,4WD 4dr Sport,2016,2016 JEEP PATRIOT,,34967284,48,Active,Sold
Hyundai,Kona,SEL Plus Auto AWD,2020,2020 Hyundai Kona,,35846375,48,Active,Up/Contacted
Hyundai,Santa Fe Sport,2.4L Auto AWD,2018,2018 Hyundai Santa Fe Sport,,36302157,48,Active,Up/Contacted
,,,,  ,,40665982,719,Lost,Lead process completed
Chrysler,200,4dr Sdn Limited,2013,2013 Chrysler 200,,35766994,48,Active,Sold
Chrysler,200,4dr Sdn Limited,2013,2013 Chrysler 200,,36939133,48,Active,Sold
Hyundai,Elantra,ECO DCT,2020,2020 Hyundai Elantra,,36716258,48,Active,Up/Contacted
Toyota,Highlander,FWD 4dr V6 Base (Natl),2010,2010 Toyota Highlander,,36305144,48,Active,Up/Contacted
,,,,  ,,35949976,48,Active,Up/Contacted
Honda,CR-V,AWD 5dr LX,2014,2014 Honda CR-V,,36073889,48,Active,Up/Contacted
Honda,Civic Sedan,EX,2018,2018 Honda Civic Sedan,,36575801,20250,Sold,Pending Finance
Hyundai,Santa Fe,SEL 2.0T Auto AWD,2020,2020 Hyundai Santa Fe,,35163629,48,Active,Up/Contacted
Hyundai,Sonata Hybrid,Blue 2.0L,2021,2021 Hyundai Sonata Hybrid,,36453461,48,Active,Up/Contacted
Hyundai,Tucson,Sport AWD,2021,2021 Hyundai Tucson,,36289067,48,Active,Up/Contacted
Hyundai,Elantra,Value Edition 2.0L Auto (Alabama),2017,2017 Hyundai Elantra,,36298199,48,Active,Demo Vehicle
Hyundai,Accent,SE Sedan Auto,2017,2017 Hyundai Accent,,36319019,48,Active,Sold
Honda,Civic Sedan,LX,2017,2017 Honda Civic Sedan,,35277178,20250,Sold,Delivered
Hyundai,Elantra,SEL IVT SULEV,2021,2021 Hyundai Elantra,,36138385,48,Active,Write Up
,,,,  ,,36078253,48,Active,Lost
Hyundai,Palisade,SEL AWD,2021,2021 Hyundai Palisade,,35197526,48,Active,Sold
Hyundai,Sonata,SEL 2.5L,2021,2021 Hyundai Sonata,,36183732,48,Active,Up/Contacted
Hyundai,Tucson,SE AWD,2020,2020 Hyundai Tucson,,36482604,48,Active,Up/Contacted
,,,,  ,,41650469,48,Active,Up/Contacted
Hyundai,Tucson,SEL AWD,2022,2022 Hyundai Tucson,,36010274,48,Active,Up/Contacted
Hyundai,Santa Fe,SE 2.4L Auto AWD,2020,2020 Hyundai Santa Fe,,36557585,48,Active,Sold
Hyundai,Santa Fe Sport,2.4L Auto AWD,2018,2018 Hyundai Santa Fe Sport,,36381511,48,Active,Write Up
Hyundai,Kona,Ultimate DCT AWD,2020,2020 Hyundai Kona,,36689900,48,Active,Demo Vehicle
Hyundai,Elantra,Value Edition 2.0L Auto,2019,2019 Hyundai Elantra,,36030644,48,Active,Up/Contacted
Hyundai,Elantra,SEL IVT SULEV,2021,2021 Hyundai Elantra,,35856028,48,Active,Up/Contacted
,,,,  ,,35413218,48,Active,Unqualified
Hyundai,Tucson,SEL AWD,2021,2021 Hyundai Tucson,,36177982,48,Active,Up/Contacted
Acura,RDX,A-Spec Package,2020,2020 Acura RDX,,36433793,20200,Sold,Delivered
Honda,CR-V,EX,2021,2021 Honda CR-V,,36496808,20250,Sold,Delivered
,,,,  ,,36251820,48,Active,Unqualified
Hyundai,Tucson,SEL AWD,2021,2021 Hyundai Tucson,,35956056,48,Active,Unqualified
Hyundai,Tucson,AWD 4dr Limited,2016,2016 Hyundai Tucson,,37669979,48,Active,Sold
Hyundai,Ioniq Hybrid,Limited Hatchback,2020,2020 Hyundai Ioniq Hybrid,,36971120,48,Active,Sold
,,,,  ,,35760770,48,Active,Up/Contacted
,,,,  ,,35868180,48,Active,Unqualified
Hyundai,Santa Fe,SEL 2.4L Auto AWD,2019,2019 Hyundai Santa Fe,,36139031,48,Active,Lost
,,,,  ,,41512643,48,Active,Unqualified
,,,,  ,,35877435,48,Active,Up/Contacted
Hyundai,Tucson,Limited AWD,2022,2022 Hyundai Tucson,,36133981,48,Active,Unqualified
Hyundai,Santa Fe,SEL 2.0T Auto AWD,2020,2020 Hyundai Santa Fe,,36350789,48,Active,Sold
HYUNDAI,SANTA FE,,2018,2018 HYUNDAI SANTA FE,,36981395,48,Active,Sold
Honda,HR-V,EX,2021,2021 Honda HR-V,,41344347,20250,Sold,Delivered
,,,,  ,,36077961,48,Active,Demo Vehicle
Hyundai,Elantra,Value Edition IVT SULEV,2020,2020 Hyundai Elantra,,36322796,48,Active,Up/Contacted
Hyundai,Santa Fe,SEL AWD,2021,2021 Hyundai Santa Fe,,35985974,48,Active,Up/Contacted
Hyundai,Sonata Hybrid,Blue 2.0L,2021,2021 Hyundai Sonata Hybrid,,35748975,48,Active,Up/Contacted
,,,,  ,,35834332,48,Active,Store Visit
,,,,  ,,35147957,48,Active,Unqualified
Ford,F-150,XL 4WD SuperCrew 5.5' Box,2017,2017 Ford F-150,,35909085,48,Active,Demo Vehicle
Hyundai,Santa Fe,SEL AWD,2021,2021 Hyundai Santa Fe,,36538178,48,Active,Up/Contacted
Hyundai,Elantra GT,Auto,2020,2020 Hyundai Elantra GT,,35936937,48,Active,Up/Contacted
Ford,Super Duty F-250 SRW,XL 4WD Crew Cab 6.75' Box,2019,2019 Ford Super Duty F-250 SRW,,34967951,48,Active,Lost
Hyundai,Elantra,Limited IVT SULEV *Ltd Avail*,2021,2021 Hyundai Elantra,,36613552,48,Active,Store Visit
HYUNDAI,SANTA FE,SEL 2.0T Auto AWD,2020,2020 HYUNDAI SANTA FE,,35709681,48,Active,Sold
,,,,  ,,36064198,48,Active,Store Visit
,,,,  ,,36644125,48,Active,Lost
,,,,  ,,36097140,48,Active,Unqualified
MOTORCYCLE,Harley Davidson,,2012,2012 MOTORCYCLE Harley Davidson,,35495927,48,Active,Sold
Hyundai,Sonata Hybrid,Limited 2.0L,2021,2021 Hyundai Sonata Hybrid,,36432344,48,Active,Up/Contacted
